League,Season,Variant,FeatureSet,LeagueRepresentation,N,Accuracy,LogLoss,Brier,X_top2_rate,X_mean_prob,X_actual_rate,X_brier,Delta_LogLoss_vs_Odds,Delta_LogLoss_vs_Odds_CI95_L,Delta_LogLoss_vs_Odds_CI95_U,Delta_Brier_vs_Odds,Delta_Brier_vs_Odds_CI95_L,Delta_Brier_vs_Odds_CI95_U,Delta_LogLoss_vs_None,Delta_LogLoss_vs_None_CI95_L,Delta_LogLoss_vs_None_CI95_U,Delta_Brier_vs_None,Delta_Brier_vs_None_CI95_L,Delta_Brier_vs_None_CI95_U,Delta_LogLoss_vs_Ordinal,Delta_LogLoss_vs_Ordinal_CI95_L,Delta_LogLoss_vs_Ordinal_CI95_U,Delta_Brier_vs_Ordinal,Delta_Brier_vs_Ordinal_CI95_L,Delta_Brier_vs_Ordinal_CI95_U
E0,2425,Odds,reference,odds,173,0.5780346820809249,0.949308787403607,0.5630013653383769,0.6069364161849711,0.2322441835722958,0.19653179190751446,0.1599231146516667,0.0,0.0,0.0,0.0,0.0,0.0,,,,,,,,,,,,
E0,2425,base/league_none,base,league_none,173,0.5606936416184971,1.0296316391562956,0.6163946025565831,0.6242774566473989,0.2828193408842865,0.19653179190751446,0.16640373442372353,0.0803228517526886,0.037355596250938136,0.12022779980026858,0.05339323721820621,0.022074750079545076,0.08226144983644902,0.0,0.0,0.0,0.0,0.0,0.0,0.00034194496112505135,-0.00020618888087872155,0.0009032502343717051,0.0002565615739562599,-0.00013262943753621637,0.0006474024265534388
E0,2425,base/league_ordinal,base,league_ordinal,173,0.5606936416184971,1.0292896941951706,0.6161380409826268,0.6242774566473989,0.28321508901536424,0.19653179190751446,0.1664515220555258,0.07998090679156356,0.03692829574459475,0.11985786702441042,0.05313667564424995,0.021884471948428443,0.08198184616329862,-0.00034194496112505135,-0.0009032502343717053,0.00020618888087872123,-0.0002565615739562599,-0.0006474024265534395,0.00013262943753621613,0.0,0.0,0.0,0.0,0.0,0.0
E0,2425,base/league_onehot,base,league_onehot,173,0.5606936416184971,1.0248244261098747,0.6127504445672172,0.6358381502890174,0.28415084014423675,0.19653179190751446,0.167488540195208,0.07551563870626765,0.0331706410268488,0.11451360209739093,0.04974907922884031,0.019958538162390217,0.07764947155952186,-0.004807213046420955,-0.008562469626792546,-0.000893454873712991,-0.0036441579893659037,-0.006269356518605676,-0.0009510023212763786,-0.004465268085295904,-0.008053603520410374,-0.0006472970047060163,-0.003387596415409644,-0.005899192749049742,-0.000765963713449081
E0,2425,with_odds/league_none,with_odds,league_none,173,0.5491329479768786,0.9977297607935345,0.5940464731293434,0.7109826589595376,0.28152331023314275,0.19653179190751446,0.16554733439646677,0.04842097338992746,0.015106598494922947,0.07911977578235588,0.031045107790966586,0.007571013969154647,0.05258346588854736,0.0,0.0,0.0,0.0,0.0,0.0,7.33202659136678e-05,-0.0005026310771288816,0.0006375637320634313,6.560284205858746e-05,-0.00031750443221004176,0.00044920817701532556
E0,2425,with_odds/league_ordinal,with_odds,league_ordinal,173,0.5491329479768786,0.9976564405276208,0.5939808702872849,0.7109826589595376,0.28169221891960294,0.19653179190751446,0.16558581976387893,0.04834765312401379,0.014856749455470827,0.0792867675654728,0.030979504948908,0.007563327292909272,0.052636889723721506,-7.33202659136678e-05,-0.0006375637320634314,0.0005026310771288816,-6.560284205858746e-05,-0.00044920817701532556,0.0003175044322100417,0.0,0.0,0.0,0.0,0.0,0.0
E0,2425,with_odds/league_onehot,with_odds,league_onehot,173,0.5491329479768786,0.9963410428401401,0.5933754857355229,0.7514450867052023,0.28221742767666474,0.19653179190751446,0.16586810675038588,0.04703225543653311,0.013826224594470055,0.07775784978950236,0.030374120397146043,0.007285182155140596,0.05178494722933682,-0.0013887179533943472,-0.0046232629057244125,0.001743784177535394,-0.0006709873938205435,-0.002827538201214391,0.0014432793996821281,-0.0013153976874806794,-0.0045399564743921015,0.0018974071012943508,-0.000605384551761956,-0.002767862161837209,0.0015441735894048693
E0,2526,Odds,reference,odds,380,0.48947368421052634,1.018547433594444,0.6115122077213377,0.6263157894736842,0.24438459158544004,0.2736842105263158,0.20001913183746162,0.0,0.0,0.0,0.0,0.0,0.0,,,,,,,,,,,,
E0,2526,base/league_none,base,league_none,380,0.48157894736842105,1.036234043211994,0.6233162219842661,0.42894736842105263,0.25966263101252135,0.2736842105263158,0.19902493002810898,0.017686609617550086,-0.0068524809268635575,0.04145232479483014,0.01180401426292832,-0.006002538028656262,0.029121917723252063,0.0,0.0,0.0,0.0,0.0,0.0,0.00022744557195775172,-0.0013432092230226456,0.0016753225200330766,0.00016797480039731916,-0.000958846698328114,0.0011973591475559705
E0,2526,base/league_ordinal,base,league_ordinal,380,0.4842105263157895,1.0360065976400363,0.6231482471838687,0.42894736842105263,0.260253709691878,0.2736842105263158,0.19908627997019374,0.017459164045592335,-0.0070774682579530955,0.041370999824303104,0.011636039462531,-0.005912476128327539,0.028927303051342817,-0.00022744557195775172,-0.001675322520033079,0.0013432092230226452,-0.00016797480039731916,-0.0011973591475559708,0.0009588466983281131,0.0,0.0,0.0,0.0,0.0,0.0
E0,2526,base/league_onehot,base,league_onehot,380,0.47368421052631576,1.0362401726427326,0.6234891217526279,0.4421052631578947,0.2606005569541303,0.2736842105263158,0.1991677032634113,0.017692739048288608,-0.007627215629831324,0.041732100164320225,0.011976914031290198,-0.005755386873446207,0.029400064437901767,6.1294307385217905e-06,-0.0025223742992084353,0.0026732884607895027,0.00017289976836187826,-0.00160262406114893,0.002028064686541586,0.00023357500269627351,-0.0016724411213819234,0.0022536287634317086,0.0003408745687591974,-0.0009912600012524058,0.001746248916546336
E0,2526,with_odds/league_none,with_odds,league_none,380,0.4789473684210526,1.0183468995013438,0.6113505993237172,0.6342105263157894,0.25872757731169443,0.2736842105263158,0.19919342348339106,-0.00020053409310016868,-0.01316291189715425,0.011293017406553163,-0.00016160839762058288,-0.008534294447091825,0.0076598991025276465,0.0,0.0,0.0,0.0,0.0,0.0,-1.815630913926114e-05,-0.0003659692873350523,0.00030646573733985867,-2.2410965142438677e-05,-0.00026040026599323806,0.000207516297296173
E0,2526,with_odds/league_ordinal,with_odds,league_ordinal,380,0.4789473684210526,1.018365055810483,0.6113730102888596,0.631578947368421,0.258551507334819,0.2736842105263158,0.19919257675973304,-0.00018237778396090754,-0.013023354238160461,0.011499024508082772,-0.0001391974324781442,-0.008565926425653975,0.0077085101867850605,1.815630913926114e-05,-0.00030646573733985883,0.00036596928733505213,2.2410965142438677e-05,-0.00020751629729617304,0.0002604002659932379,0.0,0.0,0.0,0.0,0.0,0.0
E0,2526,with_odds/league_onehot,with_odds,league_onehot,380,0.4763157894736842,1.018825029836552,0.611572745580005,0.6289473684210526,0.25893073594532046,0.2736842105263158,0.1991477470976505,0.0002775962421079914,-0.012695432686642994,0.011928544168614212,6.053785866722006e-05,-0.008244360633268822,0.008028917959235288,0.00047813033520816006,-0.0010947922190753412,0.0020099710651593013,0.00022214625628780293,-0.0008793191482917795,0.0013170276571060258,0.0004599740260688989,-0.0010508359881663098,0.001971567587006772,0.00019973529114536426,-0.0008475185184401657,0.0012580767832285052
E1,2425,Odds,reference,odds,241,0.4896265560165975,1.0344454176351432,0.6211841552769191,0.6348547717842323,0.2694175474037709,0.23651452282157676,0.1823178161591807,0.0,0.0,0.0,0.0,0.0,0.0,,,,,,,,,,,,
E1,2425,base/league_none,base,league_none,241,0.46473029045643155,1.0510521093758207,0.6331596924814982,0.5477178423236515,0.2879546377880219,0.23651452282157676,0.1837911532823759,0.016606691740677526,-0.009118537436714591,0.04282748703594002,0.011975537204579112,-0.005897917887081561,0.030517725535228198,0.0,0.0,0.0,0.0,0.0,0.0,-0.00032890311905320324,-0.0007595575895097517,0.0001487212213206297,-0.00020363279527257916,-0.0004965544856256138,0.00012620495077974233
E1,2425,base/league_ordinal,base,league_ordinal,241,0.4730290456431535,1.051381012494874,0.6333633252767707,0.5518672199170125,0.2886863169532555,0.23651452282157676,0.18391048550687306,0.01693559485973073,-0.008944223355338354,0.043029369507546954,0.012179169999851691,-0.005746785362117699,0.030748578483187457,0.00032890311905320324,-0.00014872122132063013,0.0007595575895097516,0.00020363279527257916,-0.00012620495077974304,0.0004965544856256137,0.0,0.0,0.0,0.0,0.0,0.0
E1,2425,base/league_onehot,base,league_onehot,241,0.47717842323651455,1.0502400151478917,0.6324091193607229,0.6099585062240664,0.29417619646812837,0.23651452282157676,0.18459583429590298,0.015794597512748476,-0.011522883674286106,0.04285867976799677,0.011224964083803801,-0.007887425154459773,0.029967640246232087,-0.00081209422792905,-0.004693904157607709,0.0028299961671402122,-0.0007505731207753108,-0.003295060158834584,0.0016289798263832962,-0.0011409973469822532,-0.004802785695996325,0.002335910521229886,-0.00095420591604789,-0.003340945650826718,0.0013157445058115493
E1,2425,with_odds/league_none,with_odds,league_none,241,0.4854771784232365,1.0419972873018961,0.6258140121006639,0.6639004149377593,0.2861308728493275,0.23651452282157676,0.1831726126722128,0.0075518696667529195,-0.010248361001124367,0.025265482031118586,0.004629856823744838,-0.007866324290709886,0.016642670054574076,0.0,0.0,0.0,0.0,0.0,0.0,-9.209851609282005e-05,-0.000570795285465453,0.00036327408867439705,-1.6629592581973718e-05,-0.00033006387706271956,0.00029057940304282574
E1,2425,with_odds/league_ordinal,with_odds,league_ordinal,241,0.4854771784232365,1.042089385817989,0.6258306416932459,0.6597510373443983,0.28639509979664396,0.23651452282157676,0.1831476497703478,0.0076439681828457395,-0.010459632819214476,0.025543335331488014,0.004646486416326812,-0.00799121675526091,0.01685410714632728,9.209851609282005e-05,-0.0003632740886743979,0.000570795285465453,1.6629592581973718e-05,-0.000290579403042826,0.00033006387706271956,0.0,0.0,0.0,0.0,0.0,0.0
E1,2425,with_odds/league_onehot,with_odds,league_onehot,241,0.4854771784232365,1.041497988682232,0.6254769914177076,0.6970954356846473,0.28853126065856705,0.23651452282157676,0.18344773649928148,0.007052571047088785,-0.012100295469163873,0.02563247825816487,0.0042928361407885696,-0.008894841110403612,0.01701847854292123,-0.0004992986196641347,-0.003471398958459154,0.002531501929289935,-0.0003370206829562683,-0.0023389430004382428,0.0017350808997740356,-0.0005913971357569547,-0.0034053500149479887,0.0023155952143780953,-0.000353650275538242,-0.002288059629851502,0.001594645168493181
E1,2526,Odds,reference,odds,552,0.46195652173913043,1.0415542794959176,0.6285401834569189,0.5760869565217391,0.264534452639793,0.2644927536231884,0.19545186161086917,0.0,0.0,0.0,0.0,0.0,0.0,,,,,,,,,,,,
E1,2526,base/league_none,base,league_none,552,0.427536231884058,1.0692843974788206,0.6467890207931419,0.37318840579710144,0.26435708538030944,0.2644927536231884,0.19577442443211557,0.027730117982903035,0.010493301013349315,0.044503653273010944,0.018248837336223067,0.006275175905252348,0.029993292843504604,0.0,0.0,0.0,0.0,0.0,0.0,6.233873042682525e-05,-0.000669638920365817,0.0008145878507046842,1.688528943266654e-05,-0.0005076445363171922,0.0005434911667395454
E1,2526,base/league_ordinal,base,league_ordinal,552,0.4257246376811594,1.0692220587483938,0.6467721355037093,0.3858695652173913,0.2646629444350253,0.2644927536231884,0.19566226425729968,0.02766777925247621,0.01024951194938592,0.044625162483292964,0.0182319520467904,0.006074795590664353,0.030029693564494704,-6.233873042682525e-05,-0.0008145878507046844,0.0006696389203658168,-1.688528943266654e-05,-0.0005434911667395459,0.0005076445363171914,0.0,0.0,0.0,0.0,0.0,0.0
E1,2526,base/league_onehot,base,league_onehot,552,0.42391304347826086,1.0691877275985788,0.646761988230562,0.3822463768115942,0.2654038269356631,0.2644927536231884,0.19574857400199586,0.027633448102661218,0.009929749864444355,0.04454545274030982,0.018221804773643102,0.005952177730963298,0.03005441823102777,-9.666988024181755e-05,-0.0020104451405524694,0.001750671472245124,-2.7032562579965003e-05,-0.0013139498626747654,0.0012627236007778653,-3.43311498149923e-05,-0.0016262537957062561,0.0016022241922996894,-1.0147273147298463e-05,-0.0011557382476195589,0.0011030804782179047
E1,2526,with_odds/league_none,with_odds,league_none,552,0.4420289855072464,1.0530246838143658,0.6360420767626782,0.4963768115942029,0.26528711836435087,0.2644927536231884,0.19552646116202937,0.011470404318448146,0.0035213417044652586,0.019277562116770574,0.007501893305759344,0.002338601070429652,0.01268587616527782,0.0,0.0,0.0,0.0,0.0,0.0,1.363477192484197e-06,-0.00023986903715726428,0.00021675581121663988,3.605916914950491e-06,-0.0001583891703973883,0.00015115899533130469
E1,2526,with_odds/league_ordinal,with_odds,league_ordinal,552,0.44565217391304346,1.0530233203371733,0.6360384708457633,0.4945652173913043,0.26532869407617476,0.2644927536231884,0.19552859895959374,0.011469040841255662,0.00355935513055346,0.019328976281397563,0.0074982873888443935,0.0023262507771720786,0.012693572940751978,-1.363477192484197e-06,-0.00021675581121664012,0.00023986903715726414,-3.605916914950491e-06,-0.0001511589953313047,0.0001583891703973882,0.0,0.0,0.0,0.0,0.0,0.0
E1,2526,with_odds/league_onehot,with_odds,league_onehot,552,0.4438405797101449,1.0522025746320953,0.6354420858994643,0.49818840579710144,0.26561737681454833,0.2644927536231884,0.19531592938276515,0.01064829513617771,0.002757136852441128,0.01839301156828997,0.0069019024425454045,0.001825949406620908,0.011931921458679906,-0.0008221091822704363,-0.0022349853695774356,0.0005489975712343547,-0.0005999908632139395,-0.0015705895681139919,0.0003532217292006672,-0.0008207457050779521,-0.002153858396370495,0.0005275699291867989,-0.000596384946298989,-0.0015217109606527168,0.00033867585685204974
E2,2425,Odds,reference,odds,264,0.48484848484848486,1.0208770293158103,0.6123597741992346,0.6098484848484849,0.264219205183164,0.23484848484848486,0.18084439954178924,0.0,0.0,0.0,0.0,0.0,0.0,,,,,,,,,,,,
E2,2425,base/league_none,base,league_none,264,0.4659090909090909,1.0414565626260974,0.6267668234952832,0.571969696969697,0.28514223439706365,0.23484848484848486,0.1808054286392455,0.020579533310287168,-0.0016541071456068366,0.0457290394580923,0.014407049296048635,-0.0016225255232855923,0.03259106226493735,0.0,0.0,0.0,0.0,0.0,0.0,-0.0004060868927935335,-0.0007906316008393255,-6.2246443526371336e-06,-0.00030660320185693646,-0.0005617402832034351,-4.3195579637844994e-05
E2,2425,base/league_ordinal,base,league_ordinal,264,0.4659090909090909,1.041862649518891,0.6270734266971402,0.5681818181818182,0.2849345196117592,0.23484848484848486,0.1808072021332838,0.0209856202030807,-0.0013289265078703539,0.046073712493806936,0.014713652497905572,-0.0013142030327225273,0.03288202881352813,0.0004060868927935335,6.224644352637033e-06,0.0007906316008393253,0.00030660320185693646,4.319557963784471e-05,0.0005617402832034351,0.0,0.0,0.0,0.0,0.0,0.0
E2,2425,base/league_onehot,base,league_onehot,264,0.45075757575757575,1.0398342769693185,0.6256538870746855,0.5984848484848485,0.285802160550919,0.23484848484848486,0.18059100249348825,0.018957247653508258,-0.0029034454510880937,0.04350600295443026,0.013294112875450903,-0.002543553643025484,0.030751367961439367,-0.0016222856567789101,-0.0042048508328170085,0.001202930944395469,-0.0011129364205977321,-0.00282816876277906,0.0006921348916266264,-0.0020283725495724436,-0.0047532667495082444,0.0008081450748852572,-0.0014195396224546686,-0.0032058047111594044,0.0003976482093191259
E2,2425,with_odds/league_none,with_odds,league_none,264,0.4734848484848485,1.0303410926590673,0.6182935406983275,0.6818181818181818,0.2832396127739488,0.23484848484848486,0.18107513019337176,0.009464063343257001,-0.005523265045599507,0.025679838610496424,0.005933766499092941,-0.004806595535422864,0.0172255622002728,0.0,0.0,0.0,0.0,0.0,0.0,0.0006952589748423499,0.0001350717652933986,0.0012430678444873438,0.00047719726084360925,9.968309391908125e-05,0.0008312082322921938
E2,2425,with_odds/league_ordinal,with_odds,league_ordinal,264,0.4772727272727273,1.029645833684225,0.6178163434374839,0.6742424242424242,0.2830331068983029,0.23484848484848486,0.18103489268616274,0.008768804368414651,-0.006070701198202938,0.024848966563546408,0.005456569238249331,-0.005204464282162718,0.01656094548139298,-0.0006952589748423499,-0.0012430678444873445,-0.0001350717652933989,-0.00047719726084360925,-0.0008312082322921938,-9.96830939190813e-05,0.0,0.0,0.0,0.0,0.0,0.0
E2,2425,with_odds/league_onehot,with_odds,league_onehot,264,0.4734848484848485,1.0301318792832521,0.6183414324128045,0.6893939393939394,0.28262464088948275,0.23484848484848486,0.18105792723753017,0.009254849967441858,-0.005310724665013478,0.024705444367203545,0.005981658213569885,-0.004503921199870459,0.016827665807680997,-0.00020921337581514265,-0.0028388858812620097,0.0022878447733003715,4.789171447694418e-05,-0.0016916004415707924,0.0017113132090456108,0.00048604559902720723,-0.0019251923208170874,0.0027948409035765116,0.0005250889753205534,-0.001141614424770715,0.00211474178739815
E2,2526,Odds,reference,odds,552,0.5036231884057971,1.0188450943720488,0.6096793184986857,0.49094202898550726,0.26534579440493977,0.25181159420289856,0.1868169026678719,0.0,0.0,0.0,0.0,0.0,0.0,,,,,,,,,,,,
E2,2526,base/league_none,base,league_none,552,0.4927536231884058,1.037354262728421,0.6230420368789016,0.39855072463768115,0.2638712902284727,0.25181159420289856,0.18866950736877133,0.018509168356372063,0.005300914504380455,0.03188634808992907,0.013362718380215854,0.0040982240808606265,0.022755563045983803,0.0,0.0,0.0,0.0,0.0,0.0,-8.220990740692713e-05,-0.0006726726192976373,0.0004895167345829675,-8.690241462361303e-05,-0.0004962369420962759,0.00031472577343833916
E2,2526,base/league_ordinal,base,league_ordinal,552,0.4891304347826087,1.0374364726358278,0.6231289392935252,0.38768115942028986,0.26414691695178827,0.25181159420289856,0.18859582947784995,0.01859137826377899,0.005374094407409852,0.031982753096469994,0.013449620794839467,0.0041788700673277305,0.02279655098909704,8.220990740692713e-05,-0.0004895167345829676,0.0006726726192976371,8.690241462361303e-05,-0.0003147257734383402,0.0004962369420962758,0.0,0.0,0.0,0.0,0.0,0.0
E2,2526,base/league_onehot,base,league_onehot,552,0.4945652173913043,1.0375693988854935,0.6232793144569481,0.4003623188405797,0.2637908698548768,0.25181159420289856,0.18857448968462523,0.018724304513444645,0.005637758489519579,0.03191598838069077,0.013599995958262334,0.004428772511697513,0.022749018955607627,0.00021513615707258182,-0.0012293689917835305,0.0017804032967346668,0.00023727757804647975,-0.0007768791605031383,0.0013102147606024682,0.0001329262496656547,-0.001437415571736944,0.001709472794712513,0.00015037516342286672,-0.0009373280722476645,0.0012562665675811399
E2,2526,with_odds/league_none,with_odds,league_none,552,0.4927536231884058,1.026746229982342,0.6149165412769698,0.45471014492753625,0.2645135332485825,0.25181159420289856,0.1886495162057379,0.007901135610293153,0.0011667224312507441,0.014984960462146183,0.00523722277828409,0.0005355970237412077,0.0098477145477419,0.0,0.0,0.0,0.0,0.0,0.0,4.680794696754198e-05,-0.00014376297233933966,0.0002325157458537174,2.7436643671441274e-05,-0.00010392860011939341,0.00015591513330386603
E2,2526,with_odds/league_ordinal,with_odds,league_ordinal,552,0.4945652173913043,1.0266994220353745,0.6148891046332984,0.447463768115942,0.26456013598841344,0.25181159420289856,0.1886378493731181,0.007854327663325611,0.0011102156495913008,0.014919736243843984,0.005209786134612648,0.0005357257549423566,0.00979227806676718,-4.680794696754198e-05,-0.00023251574585371747,0.00014376297233933955,-2.7436643671441274e-05,-0.0001559151333038661,0.00010392860011939329,0.0,0.0,0.0,0.0,0.0,0.0
E2,2526,with_odds/league_onehot,with_odds,league_onehot,552,0.4891304347826087,1.0266950547849192,0.6149270961866834,0.4384057971014493,0.2642219977225293,0.25181159420289856,0.18858359888855833,0.007849960412870338,0.0011698316253314857,0.014687704886056743,0.005247777687997668,0.0006362767184747681,0.009928360946870555,-5.117519742281473e-05,-0.0012327365452558026,0.0010715361736939207,1.0554909713578198e-05,-0.0008073105686073224,0.0007561827749971934,-4.367250455272753e-06,-0.0011688166877061035,0.0011016855409956392,3.799155338501947e-05,-0.0007609488817957755,0.0007649749679132
E3,2425,Odds,reference,odds,264,0.42045454545454547,1.0650914843133463,0.6416599097408796,0.5871212121212122,0.27258096103758495,0.29924242424242425,0.20816681368120601,0.0,0.0,0.0,0.0,0.0,0.0,,,,,,,,,,,,
E3,2425,base/league_none,base,league_none,264,0.4053030303030303,1.073324494282128,0.6480547468954245,0.5416666666666666,0.285768440869093,0.29924242424242425,0.20857396774147471,0.008233009968781735,-0.01127526318157962,0.028108677145431145,0.006394837154544919,-0.007685520513188601,0.020577882705419968,0.0,0.0,0.0,0.0,0.0,0.0,0.0001957450162073382,-0.0002587919498104607,0.0006295948674493845,6.94500969524725e-05,-0.00022311795878411365,0.00035242617471182273
E3,2425,base/league_ordinal,base,league_ordinal,264,0.4053030303030303,1.0731287492659207,0.647985296798472,0.5454545454545454,0.2855770810467309,0.29924242424242425,0.2086050843392794,0.008037264952574397,-0.011548614969660902,0.028016923044316504,0.0063253870575924465,-0.007791709892705848,0.020483135695557573,-0.0001957450162073382,-0.0006295948674493845,0.00025879194981046045,-6.94500969524725e-05,-0.0003524261747118229,0.00022311795878411287,0.0,0.0,0.0,0.0,0.0,0.0
E3,2425,base/league_onehot,base,league_onehot,264,0.4090909090909091,1.0731407593211535,0.6478599258624965,0.5681818181818182,0.28693375190477644,0.29924242424242425,0.20820968228356276,0.008049275007807166,-0.011452184103138247,0.027400162234576253,0.006200016121616914,-0.007341276919795062,0.019976730597053526,-0.00018373496097456865,-0.0031118808435142533,0.0027190590189449656,-0.00019482103292800534,-0.0020176757994322114,0.0016291910388196874,1.2010055232769545e-05,-0.0029682076975567906,0.0029121256709659536,-0.00012537093597553284,-0.0020068026707275866,0.001693164458212006
E3,2425,with_odds/league_none,with_odds,league_none,264,0.42424242424242425,1.0760046289370793,0.6488089046867506,0.6212121212121212,0.2847676934478086,0.29924242424242425,0.2089482124112438,0.01091314462373294,-0.0018962912521028163,0.023686157836411287,0.007148994945870957,-0.001680187579961065,0.01604268702978776,0.0,0.0,0.0,0.0,0.0,0.0,-9.175262116678518e-05,-0.0007379852851423895,0.0005673675592335559,-8.544438988145053e-05,-0.0005039801465663851,0.0003325289392719837
E3,2425,with_odds/league_ordinal,with_odds,league_ordinal,264,0.42803030303030304,1.076096381558246,0.648894349076632,0.6136363636363636,0.28460220163988703,0.29924242424242425,0.20898036856219382,0.011004897244899725,-0.0014793702296437782,0.023783901519183945,0.007234439335752407,-0.001490374831908428,0.016253342100651214,9.175262116678518e-05,-0.0005673675592335559,0.000737985285142389,8.544438988145053e-05,-0.00033252893927198377,0.0005039801465663848,0.0,0.0,0.0,0.0,0.0,0.0
E3,2425,with_odds/league_onehot,with_odds,league_onehot,264,0.4166666666666667,1.0768368612179426,0.6495225929574748,0.6098484848484849,0.28475851968139965,0.29924242424242425,0.20886861949020985,0.011745376904596316,-0.00048226508173349053,0.024046180967355866,0.007862683216595223,-0.0006049202194500834,0.016606811188272463,0.0008322322808633764,-0.0016310671590252957,0.0033164302184635923,0.0007136882707242664,-0.0010105030445435037,0.0023967320815894743,0.0007404796596965912,-0.0016990228998396528,0.0031262667800886356,0.0006282438808428159,-0.0010112002639261707,0.002259701922131066
E3,2526,Odds,reference,odds,552,0.5036231884057971,1.0218218486872064,0.6136693120685379,0.5561594202898551,0.2666889601557927,0.24818840579710144,0.18749875001455926,0.0,0.0,0.0,0.0,0.0,0.0,,,,,,,,,,,,
E3,2526,base/league_none,base,league_none,552,0.5090579710144928,1.0342255684684376,0.6211106808442376,0.4166666666666667,0.26245780181337514,0.24818840579710144,0.18659505831033166,0.012403719781231226,-0.0007443080839650895,0.025257008099064233,0.007441368775699675,-0.0016034073754724013,0.016455416951349812,0.0,0.0,0.0,0.0,0.0,0.0,-0.0007210022083559142,-0.0013147483145326266,-0.00010402877490236523,-0.0005146453483246827,-0.0009447913192683815,-7.705236041176126e-05
E3,2526,base/league_ordinal,base,league_ordinal,552,0.5090579710144928,1.0349465706767935,0.6216253261925623,0.41847826086956524,0.2627509164947074,0.24818840579710144,0.1865969316014029,0.01312472198958714,-6.330924383924892e-05,0.026024736232604134,0.007956014124024358,-0.001155713604171374,0.0170747662192852,0.0007210022083559142,0.00010402877490236496,0.0013147483145326264,0.0005146453483246827,7.705236041176122e-05,0.0009447913192683812,0.0,0.0,0.0,0.0,0.0,0.0
E3,2526,base/league_onehot,base,league_onehot,552,0.5054347826086957,1.0352823116378291,0.6218065669040826,0.4221014492753623,0.2624299564615383,0.24818840579710144,0.18661162670489195,0.013460462950622754,0.00043216262675709326,0.026527369005621283,0.008137254835544727,-0.0009505126669798635,0.01733331564323467,0.0010567431693915275,-0.0004661196070749052,0.00257126727729639,0.0006958860598450523,-0.0003782672191435521,0.0017478952111374007,0.00033574096103561324,-0.001230113009273448,0.001889016265182097,0.00018124071152036958,-0.0009066614192679235,0.001250121980908793
E3,2526,with_odds/league_none,with_odds,league_none,552,0.5235507246376812,1.0209415005853097,0.6121851102227808,0.5289855072463768,0.26308279088487974,0.24818840579710144,0.1865791094139003,-0.000880348101896633,-0.00927289558486458,0.0071944149732813874,-0.0014842018457571493,-0.007170033122532079,0.0038870972547588208,0.0,0.0,0.0,0.0,0.0,0.0,-9.461353220374669e-05,-0.00031809316747256065,0.00010983041178297402,-7.490581712743527e-05,-0.00023089849921625882,7.190253103616647e-05
E3,2526,with_odds/league_ordinal,with_odds,league_ordinal,552,0.5271739130434783,1.0210361141175135,0.6122600160399082,0.5307971014492754,0.26318305751123994,0.24818840579710144,0.18656539622333035,-0.0007857345696928864,-0.009119588663537048,0.00725902258799506,-0.001409296028629714,-0.007122036157311953,0.003957545812083417,9.461353220374669e-05,-0.00010983041178297404,0.0003180931674725602,7.490581712743527e-05,-7.19025310361665e-05,0.0002308984992162588,0.0,0.0,0.0,0.0,0.0,0.0
E3,2526,with_odds/league_onehot,with_odds,league_onehot,552,0.5217391304347826,1.0216092079678052,0.6127881126680154,0.5271739130434783,0.26351575289647616,0.24818840579710144,0.1866184905244324,-0.00021264071940119145,-0.008405697763970677,0.007527865941196272,-0.0008811994005225587,-0.006470491886992868,0.004363011382168354,0.0006677073824954416,-0.0005726829546180423,0.0019763757037292765,0.0006030024452345906,-0.0002361594938251915,0.0014696042833847228,0.0005730938502916949,-0.0006263053929875279,0.0018668574958078162,0.0005280966281071553,-0.0002911959470646319,0.0013867781098525428
