Source,Selection,Tau,TauLabel,IsCurrentRule,Coupons_N,MeanCorrect,MedianCorrect,Correct,Coupons_with_Correct,Share
odds_only,all,0.0,0.00,False,228,9.657894736842104,10.0,0,0,0.0
odds_only,all,0.0,0.00,False,228,9.657894736842104,10.0,1,0,0.0
odds_only,all,0.0,0.00,False,228,9.657894736842104,10.0,2,0,0.0
odds_only,all,0.0,0.00,False,228,9.657894736842104,10.0,3,0,0.0
odds_only,all,0.0,0.00,False,228,9.657894736842104,10.0,4,0,0.0
odds_only,all,0.0,0.00,False,228,9.657894736842104,10.0,5,2,0.008771929824561403
odds_only,all,0.0,0.00,False,228,9.657894736842104,10.0,6,3,0.013157894736842105
odds_only,all,0.0,0.00,False,228,9.657894736842104,10.0,7,17,0.07456140350877193
odds_only,all,0.0,0.00,False,228,9.657894736842104,10.0,8,25,0.10964912280701754
odds_only,all,0.0,0.00,False,228,9.657894736842104,10.0,9,55,0.2412280701754386
odds_only,all,0.0,0.00,False,228,9.657894736842104,10.0,10,56,0.24561403508771928
odds_only,all,0.0,0.00,False,228,9.657894736842104,10.0,11,43,0.18859649122807018
odds_only,all,0.0,0.00,False,228,9.657894736842104,10.0,12,24,0.10526315789473684
odds_only,all,0.0,0.00,False,228,9.657894736842104,10.0,13,3,0.013157894736842105
odds_only,all,0.1,0.10,False,228,9.657894736842104,10.0,0,0,0.0
odds_only,all,0.1,0.10,False,228,9.657894736842104,10.0,1,0,0.0
odds_only,all,0.1,0.10,False,228,9.657894736842104,10.0,2,0,0.0
odds_only,all,0.1,0.10,False,228,9.657894736842104,10.0,3,0,0.0
odds_only,all,0.1,0.10,False,228,9.657894736842104,10.0,4,0,0.0
odds_only,all,0.1,0.10,False,228,9.657894736842104,10.0,5,2,0.008771929824561403
odds_only,all,0.1,0.10,False,228,9.657894736842104,10.0,6,3,0.013157894736842105
odds_only,all,0.1,0.10,False,228,9.657894736842104,10.0,7,17,0.07456140350877193
odds_only,all,0.1,0.10,False,228,9.657894736842104,10.0,8,25,0.10964912280701754
odds_only,all,0.1,0.10,False,228,9.657894736842104,10.0,9,55,0.2412280701754386
odds_only,all,0.1,0.10,False,228,9.657894736842104,10.0,10,56,0.24561403508771928
odds_only,all,0.1,0.10,False,228,9.657894736842104,10.0,11,43,0.18859649122807018
odds_only,all,0.1,0.10,False,228,9.657894736842104,10.0,12,24,0.10526315789473684
odds_only,all,0.1,0.10,False,228,9.657894736842104,10.0,13,3,0.013157894736842105
odds_only,all,0.15,0.15,False,228,9.657894736842104,10.0,0,0,0.0
odds_only,all,0.15,0.15,False,228,9.657894736842104,10.0,1,0,0.0
odds_only,all,0.15,0.15,False,228,9.657894736842104,10.0,2,0,0.0
odds_only,all,0.15,0.15,False,228,9.657894736842104,10.0,3,0,0.0
odds_only,all,0.15,0.15,False,228,9.657894736842104,10.0,4,0,0.0
odds_only,all,0.15,0.15,False,228,9.657894736842104,10.0,5,2,0.008771929824561403
odds_only,all,0.15,0.15,False,228,9.657894736842104,10.0,6,3,0.013157894736842105
odds_only,all,0.15,0.15,False,228,9.657894736842104,10.0,7,17,0.07456140350877193
odds_only,all,0.15,0.15,False,228,9.657894736842104,10.0,8,25,0.10964912280701754
odds_only,all,0.15,0.15,False,228,9.657894736842104,10.0,9,55,0.2412280701754386
odds_only,all,0.15,0.15,False,228,9.657894736842104,10.0,10,56,0.24561403508771928
odds_only,all,0.15,0.15,False,228,9.657894736842104,10.0,11,43,0.18859649122807018
odds_only,all,0.15,0.15,False,228,9.657894736842104,10.0,12,24,0.10526315789473684
odds_only,all,0.15,0.15,False,228,9.657894736842104,10.0,13,3,0.013157894736842105
odds_only,all,0.2,0.20,False,228,9.653508771929825,10.0,0,0,0.0
odds_only,all,0.2,0.20,False,228,9.653508771929825,10.0,1,0,0.0
odds_only,all,0.2,0.20,False,228,9.653508771929825,10.0,2,0,0.0
odds_only,all,0.2,0.20,False,228,9.653508771929825,10.0,3,0,0.0
odds_only,all,0.2,0.20,False,228,9.653508771929825,10.0,4,0,0.0
odds_only,all,0.2,0.20,False,228,9.653508771929825,10.0,5,2,0.008771929824561403
odds_only,all,0.2,0.20,False,228,9.653508771929825,10.0,6,3,0.013157894736842105
odds_only,all,0.2,0.20,False,228,9.653508771929825,10.0,7,16,0.07017543859649122
odds_only,all,0.2,0.20,False,228,9.653508771929825,10.0,8,27,0.11842105263157894
odds_only,all,0.2,0.20,False,228,9.653508771929825,10.0,9,54,0.23684210526315788
odds_only,all,0.2,0.20,False,228,9.653508771929825,10.0,10,57,0.25
odds_only,all,0.2,0.20,False,228,9.653508771929825,10.0,11,42,0.18421052631578946
odds_only,all,0.2,0.20,False,228,9.653508771929825,10.0,12,24,0.10526315789473684
odds_only,all,0.2,0.20,False,228,9.653508771929825,10.0,13,3,0.013157894736842105
odds_only,all,0.25,0.25,False,228,9.68859649122807,10.0,0,0,0.0
odds_only,all,0.25,0.25,False,228,9.68859649122807,10.0,1,0,0.0
odds_only,all,0.25,0.25,False,228,9.68859649122807,10.0,2,0,0.0
odds_only,all,0.25,0.25,False,228,9.68859649122807,10.0,3,0,0.0
odds_only,all,0.25,0.25,False,228,9.68859649122807,10.0,4,0,0.0
odds_only,all,0.25,0.25,False,228,9.68859649122807,10.0,5,2,0.008771929824561403
odds_only,all,0.25,0.25,False,228,9.68859649122807,10.0,6,3,0.013157894736842105
odds_only,all,0.25,0.25,False,228,9.68859649122807,10.0,7,15,0.06578947368421052
odds_only,all,0.25,0.25,False,228,9.68859649122807,10.0,8,24,0.10526315789473684
odds_only,all,0.25,0.25,False,228,9.68859649122807,10.0,9,56,0.24561403508771928
odds_only,all,0.25,0.25,False,228,9.68859649122807,10.0,10,54,0.23684210526315788
odds_only,all,0.25,0.25,False,228,9.68859649122807,10.0,11,51,0.2236842105263158
odds_only,all,0.25,0.25,False,228,9.68859649122807,10.0,12,20,0.08771929824561403
odds_only,all,0.25,0.25,False,228,9.68859649122807,10.0,13,3,0.013157894736842105
odds_only,all,0.3,0.30,False,228,9.964912280701755,10.0,0,0,0.0
odds_only,all,0.3,0.30,False,228,9.964912280701755,10.0,1,0,0.0
odds_only,all,0.3,0.30,False,228,9.964912280701755,10.0,2,0,0.0
odds_only,all,0.3,0.30,False,228,9.964912280701755,10.0,3,0,0.0
odds_only,all,0.3,0.30,False,228,9.964912280701755,10.0,4,0,0.0
odds_only,all,0.3,0.30,False,228,9.964912280701755,10.0,5,0,0.0
odds_only,all,0.3,0.30,False,228,9.964912280701755,10.0,6,5,0.021929824561403508
odds_only,all,0.3,0.30,False,228,9.964912280701755,10.0,7,13,0.05701754385964912
odds_only,all,0.3,0.30,False,228,9.964912280701755,10.0,8,26,0.11403508771929824
odds_only,all,0.3,0.30,False,228,9.964912280701755,10.0,9,37,0.16228070175438597
odds_only,all,0.3,0.30,False,228,9.964912280701755,10.0,10,51,0.2236842105263158
odds_only,all,0.3,0.30,False,228,9.964912280701755,10.0,11,57,0.25
odds_only,all,0.3,0.30,False,228,9.964912280701755,10.0,12,34,0.14912280701754385
odds_only,all,0.3,0.30,False,228,9.964912280701755,10.0,13,5,0.021929824561403508
odds_only,all,1.0,1.00,True,228,9.951754385964913,10.0,0,0,0.0
odds_only,all,1.0,1.00,True,228,9.951754385964913,10.0,1,0,0.0
odds_only,all,1.0,1.00,True,228,9.951754385964913,10.0,2,0,0.0
odds_only,all,1.0,1.00,True,228,9.951754385964913,10.0,3,0,0.0
odds_only,all,1.0,1.00,True,228,9.951754385964913,10.0,4,0,0.0
odds_only,all,1.0,1.00,True,228,9.951754385964913,10.0,5,0,0.0
odds_only,all,1.0,1.00,True,228,9.951754385964913,10.0,6,4,0.017543859649122806
odds_only,all,1.0,1.00,True,228,9.951754385964913,10.0,7,17,0.07456140350877193
odds_only,all,1.0,1.00,True,228,9.951754385964913,10.0,8,22,0.09649122807017543
odds_only,all,1.0,1.00,True,228,9.951754385964913,10.0,9,41,0.17982456140350878
odds_only,all,1.0,1.00,True,228,9.951754385964913,10.0,10,50,0.21929824561403508
odds_only,all,1.0,1.00,True,228,9.951754385964913,10.0,11,53,0.2324561403508772
odds_only,all,1.0,1.00,True,228,9.951754385964913,10.0,12,35,0.15350877192982457
odds_only,all,1.0,1.00,True,228,9.951754385964913,10.0,13,6,0.02631578947368421
odds_only,top7of13,0.0,0.00,False,228,8.241228070175438,8.0,0,0,0.0
odds_only,top7of13,0.0,0.00,False,228,8.241228070175438,8.0,1,0,0.0
odds_only,top7of13,0.0,0.00,False,228,8.241228070175438,8.0,2,0,0.0
odds_only,top7of13,0.0,0.00,False,228,8.241228070175438,8.0,3,0,0.0
odds_only,top7of13,0.0,0.00,False,228,8.241228070175438,8.0,4,2,0.008771929824561403
odds_only,top7of13,0.0,0.00,False,228,8.241228070175438,8.0,5,8,0.03508771929824561
odds_only,top7of13,0.0,0.00,False,228,8.241228070175438,8.0,6,26,0.11403508771929824
odds_only,top7of13,0.0,0.00,False,228,8.241228070175438,8.0,7,40,0.17543859649122806
odds_only,top7of13,0.0,0.00,False,228,8.241228070175438,8.0,8,57,0.25
odds_only,top7of13,0.0,0.00,False,228,8.241228070175438,8.0,9,39,0.17105263157894737
odds_only,top7of13,0.0,0.00,False,228,8.241228070175438,8.0,10,34,0.14912280701754385
odds_only,top7of13,0.0,0.00,False,228,8.241228070175438,8.0,11,17,0.07456140350877193
odds_only,top7of13,0.0,0.00,False,228,8.241228070175438,8.0,12,4,0.017543859649122806
odds_only,top7of13,0.0,0.00,False,228,8.241228070175438,8.0,13,1,0.0043859649122807015
odds_only,top7of13,0.1,0.10,False,228,8.241228070175438,8.0,0,0,0.0
odds_only,top7of13,0.1,0.10,False,228,8.241228070175438,8.0,1,0,0.0
odds_only,top7of13,0.1,0.10,False,228,8.241228070175438,8.0,2,0,0.0
odds_only,top7of13,0.1,0.10,False,228,8.241228070175438,8.0,3,0,0.0
odds_only,top7of13,0.1,0.10,False,228,8.241228070175438,8.0,4,2,0.008771929824561403
odds_only,top7of13,0.1,0.10,False,228,8.241228070175438,8.0,5,8,0.03508771929824561
odds_only,top7of13,0.1,0.10,False,228,8.241228070175438,8.0,6,26,0.11403508771929824
odds_only,top7of13,0.1,0.10,False,228,8.241228070175438,8.0,7,40,0.17543859649122806
odds_only,top7of13,0.1,0.10,False,228,8.241228070175438,8.0,8,57,0.25
odds_only,top7of13,0.1,0.10,False,228,8.241228070175438,8.0,9,39,0.17105263157894737
odds_only,top7of13,0.1,0.10,False,228,8.241228070175438,8.0,10,34,0.14912280701754385
odds_only,top7of13,0.1,0.10,False,228,8.241228070175438,8.0,11,17,0.07456140350877193
odds_only,top7of13,0.1,0.10,False,228,8.241228070175438,8.0,12,4,0.017543859649122806
odds_only,top7of13,0.1,0.10,False,228,8.241228070175438,8.0,13,1,0.0043859649122807015
odds_only,top7of13,0.15,0.15,False,228,8.241228070175438,8.0,0,0,0.0
odds_only,top7of13,0.15,0.15,False,228,8.241228070175438,8.0,1,0,0.0
odds_only,top7of13,0.15,0.15,False,228,8.241228070175438,8.0,2,0,0.0
odds_only,top7of13,0.15,0.15,False,228,8.241228070175438,8.0,3,0,0.0
odds_only,top7of13,0.15,0.15,False,228,8.241228070175438,8.0,4,2,0.008771929824561403
odds_only,top7of13,0.15,0.15,False,228,8.241228070175438,8.0,5,8,0.03508771929824561
odds_only,top7of13,0.15,0.15,False,228,8.241228070175438,8.0,6,26,0.11403508771929824
odds_only,top7of13,0.15,0.15,False,228,8.241228070175438,8.0,7,40,0.17543859649122806
odds_only,top7of13,0.15,0.15,False,228,8.241228070175438,8.0,8,57,0.25
odds_only,top7of13,0.15,0.15,False,228,8.241228070175438,8.0,9,39,0.17105263157894737
odds_only,top7of13,0.15,0.15,False,228,8.241228070175438,8.0,10,34,0.14912280701754385
odds_only,top7of13,0.15,0.15,False,228,8.241228070175438,8.0,11,17,0.07456140350877193
odds_only,top7of13,0.15,0.15,False,228,8.241228070175438,8.0,12,4,0.017543859649122806
odds_only,top7of13,0.15,0.15,False,228,8.241228070175438,8.0,13,1,0.0043859649122807015
odds_only,top7of13,0.2,0.20,False,228,8.241228070175438,8.0,0,0,0.0
odds_only,top7of13,0.2,0.20,False,228,8.241228070175438,8.0,1,0,0.0
odds_only,top7of13,0.2,0.20,False,228,8.241228070175438,8.0,2,0,0.0
odds_only,top7of13,0.2,0.20,False,228,8.241228070175438,8.0,3,0,0.0
odds_only,top7of13,0.2,0.20,False,228,8.241228070175438,8.0,4,2,0.008771929824561403
odds_only,top7of13,0.2,0.20,False,228,8.241228070175438,8.0,5,8,0.03508771929824561
odds_only,top7of13,0.2,0.20,False,228,8.241228070175438,8.0,6,26,0.11403508771929824
odds_only,top7of13,0.2,0.20,False,228,8.241228070175438,8.0,7,40,0.17543859649122806
odds_only,top7of13,0.2,0.20,False,228,8.241228070175438,8.0,8,57,0.25
odds_only,top7of13,0.2,0.20,False,228,8.241228070175438,8.0,9,39,0.17105263157894737
odds_only,top7of13,0.2,0.20,False,228,8.241228070175438,8.0,10,34,0.14912280701754385
odds_only,top7of13,0.2,0.20,False,228,8.241228070175438,8.0,11,17,0.07456140350877193
odds_only,top7of13,0.2,0.20,False,228,8.241228070175438,8.0,12,4,0.017543859649122806
odds_only,top7of13,0.2,0.20,False,228,8.241228070175438,8.0,13,1,0.0043859649122807015
odds_only,top7of13,0.25,0.25,False,228,8.267543859649123,8.0,0,0,0.0
odds_only,top7of13,0.25,0.25,False,228,8.267543859649123,8.0,1,0,0.0
odds_only,top7of13,0.25,0.25,False,228,8.267543859649123,8.0,2,0,0.0
odds_only,top7of13,0.25,0.25,False,228,8.267543859649123,8.0,3,0,0.0
odds_only,top7of13,0.25,0.25,False,228,8.267543859649123,8.0,4,2,0.008771929824561403
odds_only,top7of13,0.25,0.25,False,228,8.267543859649123,8.0,5,6,0.02631578947368421
odds_only,top7of13,0.25,0.25,False,228,8.267543859649123,8.0,6,27,0.11842105263157894
odds_only,top7of13,0.25,0.25,False,228,8.267543859649123,8.0,7,39,0.17105263157894737
odds_only,top7of13,0.25,0.25,False,228,8.267543859649123,8.0,8,59,0.25877192982456143
odds_only,top7of13,0.25,0.25,False,228,8.267543859649123,8.0,9,40,0.17543859649122806
odds_only,top7of13,0.25,0.25,False,228,8.267543859649123,8.0,10,30,0.13157894736842105
odds_only,top7of13,0.25,0.25,False,228,8.267543859649123,8.0,11,21,0.09210526315789473
odds_only,top7of13,0.25,0.25,False,228,8.267543859649123,8.0,12,3,0.013157894736842105
odds_only,top7of13,0.25,0.25,False,228,8.267543859649123,8.0,13,1,0.0043859649122807015
odds_only,top7of13,0.3,0.30,False,228,8.574561403508772,9.0,0,0,0.0
odds_only,top7of13,0.3,0.30,False,228,8.574561403508772,9.0,1,0,0.0
odds_only,top7of13,0.3,0.30,False,228,8.574561403508772,9.0,2,0,0.0
odds_only,top7of13,0.3,0.30,False,228,8.574561403508772,9.0,3,1,0.0043859649122807015
odds_only,top7of13,0.3,0.30,False,228,8.574561403508772,9.0,4,1,0.0043859649122807015
odds_only,top7of13,0.3,0.30,False,228,8.574561403508772,9.0,5,8,0.03508771929824561
odds_only,top7of13,0.3,0.30,False,228,8.574561403508772,9.0,6,16,0.07017543859649122
odds_only,top7of13,0.3,0.30,False,228,8.574561403508772,9.0,7,36,0.15789473684210525
odds_only,top7of13,0.3,0.30,False,228,8.574561403508772,9.0,8,40,0.17543859649122806
odds_only,top7of13,0.3,0.30,False,228,8.574561403508772,9.0,9,57,0.25
odds_only,top7of13,0.3,0.30,False,228,8.574561403508772,9.0,10,38,0.16666666666666666
odds_only,top7of13,0.3,0.30,False,228,8.574561403508772,9.0,11,25,0.10964912280701754
odds_only,top7of13,0.3,0.30,False,228,8.574561403508772,9.0,12,6,0.02631578947368421
odds_only,top7of13,0.3,0.30,False,228,8.574561403508772,9.0,13,0,0.0
odds_only,top7of13,1.0,1.00,True,228,8.56140350877193,9.0,0,0,0.0
odds_only,top7of13,1.0,1.00,True,228,8.56140350877193,9.0,1,0,0.0
odds_only,top7of13,1.0,1.00,True,228,8.56140350877193,9.0,2,0,0.0
odds_only,top7of13,1.0,1.00,True,228,8.56140350877193,9.0,3,1,0.0043859649122807015
odds_only,top7of13,1.0,1.00,True,228,8.56140350877193,9.0,4,1,0.0043859649122807015
odds_only,top7of13,1.0,1.00,True,228,8.56140350877193,9.0,5,9,0.039473684210526314
odds_only,top7of13,1.0,1.00,True,228,8.56140350877193,9.0,6,17,0.07456140350877193
odds_only,top7of13,1.0,1.00,True,228,8.56140350877193,9.0,7,37,0.16228070175438597
odds_only,top7of13,1.0,1.00,True,228,8.56140350877193,9.0,8,35,0.15350877192982457
odds_only,top7of13,1.0,1.00,True,228,8.56140350877193,9.0,9,58,0.2543859649122807
odds_only,top7of13,1.0,1.00,True,228,8.56140350877193,9.0,10,39,0.17105263157894737
odds_only,top7of13,1.0,1.00,True,228,8.56140350877193,9.0,11,25,0.10964912280701754
odds_only,top7of13,1.0,1.00,True,228,8.56140350877193,9.0,12,6,0.02631578947368421
odds_only,top7of13,1.0,1.00,True,228,8.56140350877193,9.0,13,0,0.0
production_blend,all,0.0,0.00,False,228,9.618421052631579,10.0,0,0,0.0
production_blend,all,0.0,0.00,False,228,9.618421052631579,10.0,1,0,0.0
production_blend,all,0.0,0.00,False,228,9.618421052631579,10.0,2,0,0.0
production_blend,all,0.0,0.00,False,228,9.618421052631579,10.0,3,0,0.0
production_blend,all,0.0,0.00,False,228,9.618421052631579,10.0,4,0,0.0
production_blend,all,0.0,0.00,False,228,9.618421052631579,10.0,5,1,0.0043859649122807015
production_blend,all,0.0,0.00,False,228,9.618421052631579,10.0,6,3,0.013157894736842105
production_blend,all,0.0,0.00,False,228,9.618421052631579,10.0,7,18,0.07894736842105263
production_blend,all,0.0,0.00,False,228,9.618421052631579,10.0,8,32,0.14035087719298245
production_blend,all,0.0,0.00,False,228,9.618421052631579,10.0,9,51,0.2236842105263158
production_blend,all,0.0,0.00,False,228,9.618421052631579,10.0,10,56,0.24561403508771928
production_blend,all,0.0,0.00,False,228,9.618421052631579,10.0,11,40,0.17543859649122806
production_blend,all,0.0,0.00,False,228,9.618421052631579,10.0,12,22,0.09649122807017543
production_blend,all,0.0,0.00,False,228,9.618421052631579,10.0,13,5,0.021929824561403508
production_blend,all,0.1,0.10,False,228,9.618421052631579,10.0,0,0,0.0
production_blend,all,0.1,0.10,False,228,9.618421052631579,10.0,1,0,0.0
production_blend,all,0.1,0.10,False,228,9.618421052631579,10.0,2,0,0.0
production_blend,all,0.1,0.10,False,228,9.618421052631579,10.0,3,0,0.0
production_blend,all,0.1,0.10,False,228,9.618421052631579,10.0,4,0,0.0
production_blend,all,0.1,0.10,False,228,9.618421052631579,10.0,5,1,0.0043859649122807015
production_blend,all,0.1,0.10,False,228,9.618421052631579,10.0,6,3,0.013157894736842105
production_blend,all,0.1,0.10,False,228,9.618421052631579,10.0,7,18,0.07894736842105263
production_blend,all,0.1,0.10,False,228,9.618421052631579,10.0,8,32,0.14035087719298245
production_blend,all,0.1,0.10,False,228,9.618421052631579,10.0,9,51,0.2236842105263158
production_blend,all,0.1,0.10,False,228,9.618421052631579,10.0,10,56,0.24561403508771928
production_blend,all,0.1,0.10,False,228,9.618421052631579,10.0,11,40,0.17543859649122806
production_blend,all,0.1,0.10,False,228,9.618421052631579,10.0,12,22,0.09649122807017543
production_blend,all,0.1,0.10,False,228,9.618421052631579,10.0,13,5,0.021929824561403508
production_blend,all,0.15,0.15,False,228,9.618421052631579,10.0,0,0,0.0
production_blend,all,0.15,0.15,False,228,9.618421052631579,10.0,1,0,0.0
production_blend,all,0.15,0.15,False,228,9.618421052631579,10.0,2,0,0.0
production_blend,all,0.15,0.15,False,228,9.618421052631579,10.0,3,0,0.0
production_blend,all,0.15,0.15,False,228,9.618421052631579,10.0,4,0,0.0
production_blend,all,0.15,0.15,False,228,9.618421052631579,10.0,5,1,0.0043859649122807015
production_blend,all,0.15,0.15,False,228,9.618421052631579,10.0,6,3,0.013157894736842105
production_blend,all,0.15,0.15,False,228,9.618421052631579,10.0,7,18,0.07894736842105263
production_blend,all,0.15,0.15,False,228,9.618421052631579,10.0,8,32,0.14035087719298245
production_blend,all,0.15,0.15,False,228,9.618421052631579,10.0,9,51,0.2236842105263158
production_blend,all,0.15,0.15,False,228,9.618421052631579,10.0,10,56,0.24561403508771928
production_blend,all,0.15,0.15,False,228,9.618421052631579,10.0,11,40,0.17543859649122806
production_blend,all,0.15,0.15,False,228,9.618421052631579,10.0,12,22,0.09649122807017543
production_blend,all,0.15,0.15,False,228,9.618421052631579,10.0,13,5,0.021929824561403508
production_blend,all,0.2,0.20,False,228,9.618421052631579,10.0,0,0,0.0
production_blend,all,0.2,0.20,False,228,9.618421052631579,10.0,1,0,0.0
production_blend,all,0.2,0.20,False,228,9.618421052631579,10.0,2,0,0.0
production_blend,all,0.2,0.20,False,228,9.618421052631579,10.0,3,0,0.0
production_blend,all,0.2,0.20,False,228,9.618421052631579,10.0,4,0,0.0
production_blend,all,0.2,0.20,False,228,9.618421052631579,10.0,5,1,0.0043859649122807015
production_blend,all,0.2,0.20,False,228,9.618421052631579,10.0,6,3,0.013157894736842105
production_blend,all,0.2,0.20,False,228,9.618421052631579,10.0,7,18,0.07894736842105263
production_blend,all,0.2,0.20,False,228,9.618421052631579,10.0,8,32,0.14035087719298245
production_blend,all,0.2,0.20,False,228,9.618421052631579,10.0,9,51,0.2236842105263158
production_blend,all,0.2,0.20,False,228,9.618421052631579,10.0,10,56,0.24561403508771928
production_blend,all,0.2,0.20,False,228,9.618421052631579,10.0,11,40,0.17543859649122806
production_blend,all,0.2,0.20,False,228,9.618421052631579,10.0,12,22,0.09649122807017543
production_blend,all,0.2,0.20,False,228,9.618421052631579,10.0,13,5,0.021929824561403508
production_blend,all,0.25,0.25,False,228,9.574561403508772,10.0,0,0,0.0
production_blend,all,0.25,0.25,False,228,9.574561403508772,10.0,1,0,0.0
production_blend,all,0.25,0.25,False,228,9.574561403508772,10.0,2,0,0.0
production_blend,all,0.25,0.25,False,228,9.574561403508772,10.0,3,0,0.0
production_blend,all,0.25,0.25,False,228,9.574561403508772,10.0,4,0,0.0
production_blend,all,0.25,0.25,False,228,9.574561403508772,10.0,5,1,0.0043859649122807015
production_blend,all,0.25,0.25,False,228,9.574561403508772,10.0,6,3,0.013157894736842105
production_blend,all,0.25,0.25,False,228,9.574561403508772,10.0,7,20,0.08771929824561403
production_blend,all,0.25,0.25,False,228,9.574561403508772,10.0,8,29,0.12719298245614036
production_blend,all,0.25,0.25,False,228,9.574561403508772,10.0,9,55,0.2412280701754386
production_blend,all,0.25,0.25,False,228,9.574561403508772,10.0,10,58,0.2543859649122807
production_blend,all,0.25,0.25,False,228,9.574561403508772,10.0,11,34,0.14912280701754385
production_blend,all,0.25,0.25,False,228,9.574561403508772,10.0,12,25,0.10964912280701754
production_blend,all,0.25,0.25,False,228,9.574561403508772,10.0,13,3,0.013157894736842105
production_blend,all,0.3,0.30,False,228,9.87280701754386,10.0,0,0,0.0
production_blend,all,0.3,0.30,False,228,9.87280701754386,10.0,1,0,0.0
production_blend,all,0.3,0.30,False,228,9.87280701754386,10.0,2,0,0.0
production_blend,all,0.3,0.30,False,228,9.87280701754386,10.0,3,0,0.0
production_blend,all,0.3,0.30,False,228,9.87280701754386,10.0,4,0,0.0
production_blend,all,0.3,0.30,False,228,9.87280701754386,10.0,5,1,0.0043859649122807015
production_blend,all,0.3,0.30,False,228,9.87280701754386,10.0,6,1,0.0043859649122807015
production_blend,all,0.3,0.30,False,228,9.87280701754386,10.0,7,15,0.06578947368421052
production_blend,all,0.3,0.30,False,228,9.87280701754386,10.0,8,28,0.12280701754385964
production_blend,all,0.3,0.30,False,228,9.87280701754386,10.0,9,36,0.15789473684210525
production_blend,all,0.3,0.30,False,228,9.87280701754386,10.0,10,66,0.2894736842105263
production_blend,all,0.3,0.30,False,228,9.87280701754386,10.0,11,52,0.22807017543859648
production_blend,all,0.3,0.30,False,228,9.87280701754386,10.0,12,22,0.09649122807017543
production_blend,all,0.3,0.30,False,228,9.87280701754386,10.0,13,7,0.03070175438596491
production_blend,all,1.0,1.00,True,228,9.903508771929825,10.0,0,0,0.0
production_blend,all,1.0,1.00,True,228,9.903508771929825,10.0,1,0,0.0
production_blend,all,1.0,1.00,True,228,9.903508771929825,10.0,2,0,0.0
production_blend,all,1.0,1.00,True,228,9.903508771929825,10.0,3,0,0.0
production_blend,all,1.0,1.00,True,228,9.903508771929825,10.0,4,0,0.0
production_blend,all,1.0,1.00,True,228,9.903508771929825,10.0,5,1,0.0043859649122807015
production_blend,all,1.0,1.00,True,228,9.903508771929825,10.0,6,0,0.0
production_blend,all,1.0,1.00,True,228,9.903508771929825,10.0,7,15,0.06578947368421052
production_blend,all,1.0,1.00,True,228,9.903508771929825,10.0,8,28,0.12280701754385964
production_blend,all,1.0,1.00,True,228,9.903508771929825,10.0,9,36,0.15789473684210525
production_blend,all,1.0,1.00,True,228,9.903508771929825,10.0,10,66,0.2894736842105263
production_blend,all,1.0,1.00,True,228,9.903508771929825,10.0,11,52,0.22807017543859648
production_blend,all,1.0,1.00,True,228,9.903508771929825,10.0,12,22,0.09649122807017543
production_blend,all,1.0,1.00,True,228,9.903508771929825,10.0,13,8,0.03508771929824561
production_blend,top7of13,0.0,0.00,False,228,8.179824561403509,8.0,0,0,0.0
production_blend,top7of13,0.0,0.00,False,228,8.179824561403509,8.0,1,0,0.0
production_blend,top7of13,0.0,0.00,False,228,8.179824561403509,8.0,2,0,0.0
production_blend,top7of13,0.0,0.00,False,228,8.179824561403509,8.0,3,1,0.0043859649122807015
production_blend,top7of13,0.0,0.00,False,228,8.179824561403509,8.0,4,3,0.013157894736842105
production_blend,top7of13,0.0,0.00,False,228,8.179824561403509,8.0,5,8,0.03508771929824561
production_blend,top7of13,0.0,0.00,False,228,8.179824561403509,8.0,6,32,0.14035087719298245
production_blend,top7of13,0.0,0.00,False,228,8.179824561403509,8.0,7,40,0.17543859649122806
production_blend,top7of13,0.0,0.00,False,228,8.179824561403509,8.0,8,43,0.18859649122807018
production_blend,top7of13,0.0,0.00,False,228,8.179824561403509,8.0,9,45,0.19736842105263158
production_blend,top7of13,0.0,0.00,False,228,8.179824561403509,8.0,10,33,0.14473684210526316
production_blend,top7of13,0.0,0.00,False,228,8.179824561403509,8.0,11,18,0.07894736842105263
production_blend,top7of13,0.0,0.00,False,228,8.179824561403509,8.0,12,4,0.017543859649122806
production_blend,top7of13,0.0,0.00,False,228,8.179824561403509,8.0,13,1,0.0043859649122807015
production_blend,top7of13,0.1,0.10,False,228,8.179824561403509,8.0,0,0,0.0
production_blend,top7of13,0.1,0.10,False,228,8.179824561403509,8.0,1,0,0.0
production_blend,top7of13,0.1,0.10,False,228,8.179824561403509,8.0,2,0,0.0
production_blend,top7of13,0.1,0.10,False,228,8.179824561403509,8.0,3,1,0.0043859649122807015
production_blend,top7of13,0.1,0.10,False,228,8.179824561403509,8.0,4,3,0.013157894736842105
production_blend,top7of13,0.1,0.10,False,228,8.179824561403509,8.0,5,8,0.03508771929824561
production_blend,top7of13,0.1,0.10,False,228,8.179824561403509,8.0,6,32,0.14035087719298245
production_blend,top7of13,0.1,0.10,False,228,8.179824561403509,8.0,7,40,0.17543859649122806
production_blend,top7of13,0.1,0.10,False,228,8.179824561403509,8.0,8,43,0.18859649122807018
production_blend,top7of13,0.1,0.10,False,228,8.179824561403509,8.0,9,45,0.19736842105263158
production_blend,top7of13,0.1,0.10,False,228,8.179824561403509,8.0,10,33,0.14473684210526316
production_blend,top7of13,0.1,0.10,False,228,8.179824561403509,8.0,11,18,0.07894736842105263
production_blend,top7of13,0.1,0.10,False,228,8.179824561403509,8.0,12,4,0.017543859649122806
production_blend,top7of13,0.1,0.10,False,228,8.179824561403509,8.0,13,1,0.0043859649122807015
production_blend,top7of13,0.15,0.15,False,228,8.179824561403509,8.0,0,0,0.0
production_blend,top7of13,0.15,0.15,False,228,8.179824561403509,8.0,1,0,0.0
production_blend,top7of13,0.15,0.15,False,228,8.179824561403509,8.0,2,0,0.0
production_blend,top7of13,0.15,0.15,False,228,8.179824561403509,8.0,3,1,0.0043859649122807015
production_blend,top7of13,0.15,0.15,False,228,8.179824561403509,8.0,4,3,0.013157894736842105
production_blend,top7of13,0.15,0.15,False,228,8.179824561403509,8.0,5,8,0.03508771929824561
production_blend,top7of13,0.15,0.15,False,228,8.179824561403509,8.0,6,32,0.14035087719298245
production_blend,top7of13,0.15,0.15,False,228,8.179824561403509,8.0,7,40,0.17543859649122806
production_blend,top7of13,0.15,0.15,False,228,8.179824561403509,8.0,8,43,0.18859649122807018
production_blend,top7of13,0.15,0.15,False,228,8.179824561403509,8.0,9,45,0.19736842105263158
production_blend,top7of13,0.15,0.15,False,228,8.179824561403509,8.0,10,33,0.14473684210526316
production_blend,top7of13,0.15,0.15,False,228,8.179824561403509,8.0,11,18,0.07894736842105263
production_blend,top7of13,0.15,0.15,False,228,8.179824561403509,8.0,12,4,0.017543859649122806
production_blend,top7of13,0.15,0.15,False,228,8.179824561403509,8.0,13,1,0.0043859649122807015
production_blend,top7of13,0.2,0.20,False,228,8.179824561403509,8.0,0,0,0.0
production_blend,top7of13,0.2,0.20,False,228,8.179824561403509,8.0,1,0,0.0
production_blend,top7of13,0.2,0.20,False,228,8.179824561403509,8.0,2,0,0.0
production_blend,top7of13,0.2,0.20,False,228,8.179824561403509,8.0,3,1,0.0043859649122807015
production_blend,top7of13,0.2,0.20,False,228,8.179824561403509,8.0,4,3,0.013157894736842105
production_blend,top7of13,0.2,0.20,False,228,8.179824561403509,8.0,5,8,0.03508771929824561
production_blend,top7of13,0.2,0.20,False,228,8.179824561403509,8.0,6,32,0.14035087719298245
production_blend,top7of13,0.2,0.20,False,228,8.179824561403509,8.0,7,40,0.17543859649122806
production_blend,top7of13,0.2,0.20,False,228,8.179824561403509,8.0,8,43,0.18859649122807018
production_blend,top7of13,0.2,0.20,False,228,8.179824561403509,8.0,9,45,0.19736842105263158
production_blend,top7of13,0.2,0.20,False,228,8.179824561403509,8.0,10,33,0.14473684210526316
production_blend,top7of13,0.2,0.20,False,228,8.179824561403509,8.0,11,18,0.07894736842105263
production_blend,top7of13,0.2,0.20,False,228,8.179824561403509,8.0,12,4,0.017543859649122806
production_blend,top7of13,0.2,0.20,False,228,8.179824561403509,8.0,13,1,0.0043859649122807015
production_blend,top7of13,0.25,0.25,False,228,8.171052631578947,8.0,0,0,0.0
production_blend,top7of13,0.25,0.25,False,228,8.171052631578947,8.0,1,0,0.0
production_blend,top7of13,0.25,0.25,False,228,8.171052631578947,8.0,2,0,0.0
production_blend,top7of13,0.25,0.25,False,228,8.171052631578947,8.0,3,1,0.0043859649122807015
production_blend,top7of13,0.25,0.25,False,228,8.171052631578947,8.0,4,2,0.008771929824561403
production_blend,top7of13,0.25,0.25,False,228,8.171052631578947,8.0,5,10,0.043859649122807015
production_blend,top7of13,0.25,0.25,False,228,8.171052631578947,8.0,6,31,0.13596491228070176
production_blend,top7of13,0.25,0.25,False,228,8.171052631578947,8.0,7,40,0.17543859649122806
production_blend,top7of13,0.25,0.25,False,228,8.171052631578947,8.0,8,43,0.18859649122807018
production_blend,top7of13,0.25,0.25,False,228,8.171052631578947,8.0,9,46,0.20175438596491227
production_blend,top7of13,0.25,0.25,False,228,8.171052631578947,8.0,10,32,0.14035087719298245
production_blend,top7of13,0.25,0.25,False,228,8.171052631578947,8.0,11,19,0.08333333333333333
production_blend,top7of13,0.25,0.25,False,228,8.171052631578947,8.0,12,3,0.013157894736842105
production_blend,top7of13,0.25,0.25,False,228,8.171052631578947,8.0,13,1,0.0043859649122807015
production_blend,top7of13,0.3,0.30,False,228,8.456140350877194,9.0,0,0,0.0
production_blend,top7of13,0.3,0.30,False,228,8.456140350877194,9.0,1,0,0.0
production_blend,top7of13,0.3,0.30,False,228,8.456140350877194,9.0,2,0,0.0
production_blend,top7of13,0.3,0.30,False,228,8.456140350877194,9.0,3,2,0.008771929824561403
production_blend,top7of13,0.3,0.30,False,228,8.456140350877194,9.0,4,1,0.0043859649122807015
production_blend,top7of13,0.3,0.30,False,228,8.456140350877194,9.0,5,7,0.03070175438596491
production_blend,top7of13,0.3,0.30,False,228,8.456140350877194,9.0,6,16,0.07017543859649122
production_blend,top7of13,0.3,0.30,False,228,8.456140350877194,9.0,7,33,0.14473684210526316
production_blend,top7of13,0.3,0.30,False,228,8.456140350877194,9.0,8,53,0.2324561403508772
production_blend,top7of13,0.3,0.30,False,228,8.456140350877194,9.0,9,56,0.24561403508771928
production_blend,top7of13,0.3,0.30,False,228,8.456140350877194,9.0,10,40,0.17543859649122806
production_blend,top7of13,0.3,0.30,False,228,8.456140350877194,9.0,11,13,0.05701754385964912
production_blend,top7of13,0.3,0.30,False,228,8.456140350877194,9.0,12,6,0.02631578947368421
production_blend,top7of13,0.3,0.30,False,228,8.456140350877194,9.0,13,1,0.0043859649122807015
production_blend,top7of13,1.0,1.00,True,228,8.486842105263158,9.0,0,0,0.0
production_blend,top7of13,1.0,1.00,True,228,8.486842105263158,9.0,1,0,0.0
production_blend,top7of13,1.0,1.00,True,228,8.486842105263158,9.0,2,0,0.0
production_blend,top7of13,1.0,1.00,True,228,8.486842105263158,9.0,3,2,0.008771929824561403
production_blend,top7of13,1.0,1.00,True,228,8.486842105263158,9.0,4,0,0.0
production_blend,top7of13,1.0,1.00,True,228,8.486842105263158,9.0,5,8,0.03508771929824561
production_blend,top7of13,1.0,1.00,True,228,8.486842105263158,9.0,6,14,0.06140350877192982
production_blend,top7of13,1.0,1.00,True,228,8.486842105263158,9.0,7,35,0.15350877192982457
production_blend,top7of13,1.0,1.00,True,228,8.486842105263158,9.0,8,52,0.22807017543859648
production_blend,top7of13,1.0,1.00,True,228,8.486842105263158,9.0,9,56,0.24561403508771928
production_blend,top7of13,1.0,1.00,True,228,8.486842105263158,9.0,10,39,0.17105263157894737
production_blend,top7of13,1.0,1.00,True,228,8.486842105263158,9.0,11,15,0.06578947368421052
production_blend,top7of13,1.0,1.00,True,228,8.486842105263158,9.0,12,6,0.02631578947368421
production_blend,top7of13,1.0,1.00,True,228,8.486842105263158,9.0,13,1,0.0043859649122807015
