Fold,Train_N,Test_N,Paired_N,Variant,FeatureSet,LeagueRepresentation,N,Accuracy,LogLoss,Brier,X_top2_rate,X_mean_prob,X_actual_rate,X_brier,Delta_LogLoss_vs_Odds,Delta_LogLoss_vs_Odds_CI95_L,Delta_LogLoss_vs_Odds_CI95_U,Delta_Brier_vs_Odds,Delta_Brier_vs_Odds_CI95_L,Delta_Brier_vs_Odds_CI95_U,Delta_LogLoss_vs_None,Delta_LogLoss_vs_None_CI95_L,Delta_LogLoss_vs_None_CI95_U,Delta_Brier_vs_None,Delta_Brier_vs_None_CI95_L,Delta_Brier_vs_None_CI95_U,Delta_LogLoss_vs_Ordinal,Delta_LogLoss_vs_Ordinal_CI95_L,Delta_LogLoss_vs_Ordinal_CI95_U,Delta_Brier_vs_Ordinal,Delta_Brier_vs_Ordinal_CI95_L,Delta_Brier_vs_Ordinal_CI95_U
1,1094,942,942,Odds,reference,odds,942,0.4851380042462845,1.0235960227908607,0.6137641339548481,0.6093418259023354,0.2620202935929869,0.24628450106157113,0.18503636180464078,0.0,0.0,0.0,0.0,0.0,0.0,,,,,,,,,,,,
1,1094,942,942,base/league_none,base,league_none,942,0.46602972399150744,1.0506709458146322,0.6324635315429689,0.5668789808917197,0.2856106496286201,0.24628450106157113,0.1867066609775657,0.027074923023771458,0.014067079590995351,0.040494118607835465,0.01869939758812078,0.009448353512411254,0.0283114823776881,0.0,0.0,0.0,0.0,0.0,0.0,-8.029663358377626e-05,-0.0003062961003861553,0.0001542065512970035,-7.144243212442447e-05,-0.0002237709328146431,7.774463846625112e-05
1,1094,942,942,base/league_ordinal,base,league_ordinal,942,0.4681528662420382,1.050751242448216,0.6325349739750933,0.5679405520169851,0.28575867872530136,0.24628450106157113,0.18675518466190985,0.027155219657355234,0.014145083850418749,0.04068741581925849,0.018770840020245205,0.009455333301604352,0.02840476250059732,8.029663358377626e-05,-0.00015420655129700367,0.00030629610038615524,7.144243212442447e-05,-7.774463846625112e-05,0.00022377093281464305,0.0,0.0,0.0,0.0,0.0,0.0
1,1094,942,942,base/league_onehot,base,league_onehot,942,0.46602972399150744,1.049074181473816,0.6312357444707842,0.5997876857749469,0.287958428431078,0.24628450106157113,0.18694956932083345,0.025478158682955332,0.012519464891615262,0.03884716259207803,0.017471610515936153,0.008333224794928465,0.02685966952136463,-0.0015967643408161258,-0.003275932965132172,8.909397720721591e-05,-0.0012277870721846273,-0.002334679451095406,-0.00013257896003494578,-0.001677060974399902,-0.003314725516324851,-3.16148861222443e-05,-0.0012992295043090518,-0.002360211908641516,-0.00023307207540383305
1,1094,942,942,with_odds/league_none,with_odds,league_none,942,0.47664543524416136,1.0401314918879205,0.6243166266977677,0.6656050955414012,0.284092358672575,0.24628450106157113,0.18657160398323835,0.01653546909705983,0.007640246924283806,0.025588074835111572,0.010552492742919584,0.004445359671409382,0.017003417874945553,0.0,0.0,0.0,0.0,0.0,0.0,0.0001590385785508186,-0.00012480833776587485,0.00045493281721211673,0.00011758420148400006,-6.932564536845099e-05,0.00030547159308466626
1,1094,942,942,with_odds/league_ordinal,with_odds,league_ordinal,942,0.47876857749469215,1.0399724533093697,0.6241990424962837,0.6602972399150743,0.2840867243929561,0.24628450106157113,0.18657002057682695,0.01637643051850901,0.007507137266940989,0.02541968185461876,0.010434908541435584,0.004344891339712461,0.016795959829716343,-0.0001590385785508186,-0.000454932817212117,0.00012480833776587472,-0.00011758420148400006,-0.0003054715930846663,6.932564536845096e-05,0.0,0.0,0.0,0.0,0.0,0.0
1,1094,942,942,with_odds/league_onehot,with_odds,league_onehot,942,0.4745222929936306,1.0399233154735432,0.6243206121673746,0.6804670912951167,0.2846590267489284,0.24628450106157113,0.18667377420410505,0.016327292682682515,0.007470673720288784,0.025495835943319663,0.010556478212526477,0.0044170515049616,0.017094073180765078,-0.0002081764143773146,-0.0014734472290040934,0.0011378726356758237,3.985469606893055e-06,-0.0008634188686765049,0.0009196796830768288,-4.9137835826496e-05,-0.0012766414120451764,0.0012191109583498383,0.00012156967109089312,-0.0007191676522553869,0.001006320336352569
2,2036,1055,1055,Odds,reference,odds,1055,0.4758293838862559,1.0366948109667107,0.6235779361713597,0.5497630331753555,0.2647048300449762,0.25497630331753557,0.18978786269168887,0.0,0.0,0.0,0.0,0.0,0.0,,,,,,,,,,,,
2,2036,1055,1055,base/league_none,base,league_none,1055,0.46919431279620855,1.0504024448462088,0.6326731425171722,0.4322274881516588,0.2662278217166874,0.25497630331753557,0.1904477498737515,0.013707633879498138,0.001961069622773176,0.025569603300273854,0.009095206345812512,0.0009279436370699779,0.017340532559537113,0.0,0.0,0.0,0.0,0.0,0.0,9.997642780756877e-05,-0.0005497428171878926,0.0007351371985685582,8.969053009144634e-05,-0.0003744312009432538,0.000542657159836412
2,2036,1055,1055,base/league_ordinal,base,league_ordinal,1055,0.4663507109004739,1.0503024684184012,0.6325834519870808,0.43317535545023694,0.2664095571077346,0.25497630331753557,0.19037833210489694,0.013607657451690569,0.0021270006039871615,0.025612885605284175,0.009005515815721066,0.0008591535643676873,0.01732959398413268,-9.997642780756877e-05,-0.0007351371985685584,0.0005497428171878925,-8.969053009144634e-05,-0.0005426571598364128,0.0003744312009432538,0.0,0.0,0.0,0.0,0.0,0.0
2,2036,1055,1055,base/league_onehot,base,league_onehot,1055,0.4606635071090047,1.0511874022585057,0.6332781912510023,0.437914691943128,0.2662994763902979,0.25497630331753557,0.19044999957833975,0.014492591291795032,0.0028002663628216074,0.026595732797132458,0.009700255079642561,0.0014490528471383878,0.01814780008463808,0.0007849574122968939,-0.0005687897666609987,0.002168205772675258,0.0006050487338300492,-0.00033041476134784974,0.001541910820883421,0.0008849338401044626,-0.0003784926067802563,0.0020917047228530983,0.0006947392639214955,-0.00017959343274195628,0.0015367007819423698
2,2036,1055,1055,with_odds/league_none,with_odds,league_none,1055,0.4758293838862559,1.040577785125753,0.6254375738434209,0.5327014218009478,0.2674352308394958,0.25497630331753557,0.19049906302395886,0.003882974159042263,-0.0018658845878498141,0.010018429091474355,0.0018596376720612096,-0.001956564288569726,0.005809480560128208,0.0,0.0,0.0,0.0,0.0,0.0,-5.0346164268244564e-05,-0.00019166989230464114,8.60034792450004e-05,-3.5161414093876076e-05,-0.0001308507222316596,6.0457598664487294e-05
2,2036,1055,1055,with_odds/league_ordinal,with_odds,league_ordinal,1055,0.4767772511848341,1.0406281312900212,0.6254727352575148,0.5270142180094787,0.26743582856012815,0.25497630331753557,0.19048717638175242,0.003933320323310507,-0.0017881332826155615,0.010035929911592903,0.0018947990861550856,-0.0019221969138972673,0.005845824972387256,5.0346164268244564e-05,-8.60034792450004e-05,0.00019166989230464085,3.5161414093876076e-05,-6.04575986644873e-05,0.0001308507222316596,0.0,0.0,0.0,0.0,0.0,0.0
2,2036,1055,1055,with_odds/league_onehot,with_odds,league_onehot,1055,0.4758293838862559,1.040424841512981,0.6254233266302468,0.5289099526066351,0.26759543551734705,0.25497630331753557,0.19041473256291744,0.003730030546270413,-0.0019106301026214855,0.0096994941169525,0.0018453904588870973,-0.0019871366939563486,0.0057066032348606285,-0.00015294361277184976,-0.001177581631654312,0.0008646152085033053,-1.4247213174112261e-05,-0.0007025843484610966,0.0006898037363479317,-0.00020328977704009432,-0.0012213525101391009,0.0007911643049032353,-4.9408627267988336e-05,-0.0007234235698504538,0.0006378343906978472
3,3091,981,981,Odds,reference,odds,981,0.5045871559633027,1.0139868644714212,0.6083002462942412,0.564729867482161,0.25821483331264766,0.2619775739041794,0.1939783311400667,0.0,0.0,0.0,0.0,0.0,0.0,,,,,,,,,,,,
3,3091,981,981,base/league_none,base,league_none,981,0.48623853211009177,1.0390942011587998,0.625066094454018,0.37003058103975534,0.2591847276357633,0.2619775739041794,0.19359900085144366,0.025107336687378634,0.01405723070508833,0.036353974855982935,0.016765848159776775,0.008967510501734267,0.024556044208523493,0.0,0.0,0.0,0.0,0.0,0.0,-0.00043629757665497593,-0.0008816081251051156,1.698352084588078e-05,-0.00036037387408371924,-0.0006684223601806455,-4.30768305238195e-05
3,3091,981,981,base/league_ordinal,base,league_ordinal,981,0.4872579001019368,1.0395304987354548,0.6254264683281017,0.37104994903160043,0.25971037341982994,0.2619775739041794,0.1935939041832664,0.02554363426403361,0.014566802290744385,0.03664796670075205,0.017126222033860494,0.009407693370927575,0.02502240094342278,0.00043629757665497593,-1.698352084588128e-05,0.0008816081251051155,0.00036037387408371924,4.307683052381939e-05,0.000668422360180645,0.0,0.0,0.0,0.0,0.0,0.0
3,3091,981,981,base/league_onehot,base,league_onehot,981,0.4892966360856269,1.038913686100718,0.6249922512851687,0.3781855249745158,0.2599990546849668,0.2619775739041794,0.1935931975342131,0.024926821629296825,0.013983042698440718,0.036004576811590604,0.01669200499092749,0.009044168113326728,0.024527865807558752,-0.00018051505808180934,-0.0012727523115498185,0.0009811247963892428,-7.384316884928577e-05,-0.000855325623691025,0.0007447626603932129,-0.0006168126347367853,-0.001650084959108572,0.0005001126490811801,-0.000434217042933005,-0.0011768618733547925,0.00038698381300235866
3,3091,981,981,with_odds/league_none,with_odds,league_none,981,0.4943934760448522,1.0201381358223394,0.6125707699684652,0.5056065239551478,0.25876041906378056,0.2619775739041794,0.1934493346961187,0.006151271350918197,-0.0005162982627027358,0.012816363178177713,0.0042705236742239805,-0.00023910728026059472,0.008820848762257675,0.0,0.0,0.0,0.0,0.0,0.0,2.0978350856237782e-05,-0.0001582997833631472,0.00020989863926511554,4.451179922981829e-06,-0.00012419558630223093,0.00013839877188981387
3,3091,981,981,with_odds/league_ordinal,with_odds,league_ordinal,981,0.4984709480122324,1.0201171574714831,0.6125663187885422,0.5066258919469928,0.25879761019179726,0.2619775739041794,0.1934487118051835,0.006130293000061959,-0.0005008618414294341,0.012824805616521228,0.004266072494300999,-0.00030517802838695427,0.008811760244327043,-2.0978350856237782e-05,-0.00020989863926511586,0.0001582997833631471,-4.451179922981829e-06,-0.00013839877188981387,0.00012419558630223076,0.0,0.0,0.0,0.0,0.0,0.0
3,3091,981,981,with_odds/league_onehot,with_odds,league_onehot,981,0.49133537206931704,1.0203721486015445,0.6126797761771555,0.4984709480122324,0.25893223805478316,0.2619775739041794,0.19338893722577624,0.006385284130123292,-0.00021736434501690158,0.013065603197846117,0.004379529882914346,-0.00015410483132522466,0.008999797815063422,0.000234012779205095,-0.0005654372076522418,0.001008149247674044,0.00010900620869036537,-0.00045199974969696853,0.0006502460302319961,0.0002549911300613328,-0.0005408437913994923,0.0010347041477281993,0.0001134573886133472,-0.00042267645425161644,0.000643230159026209
