Fold,Train_N,Test_N,Paired_N,Variant,N,OddsWeight,ModelWeight,StreckMeasured,Accuracy,LogLoss,Brier,X_top2_rate,X_mean_prob,X_actual_rate,X_brier,Delta_LogLoss_vs_Odds,Delta_LogLoss_vs_Odds_CI95_L,Delta_LogLoss_vs_Odds_CI95_U,Delta_Brier_vs_Odds,Delta_Brier_vs_Odds_CI95_L,Delta_Brier_vs_Odds_CI95_U
1,1094,942,942,odds_only,942,1.0,0.0,False,0.4851380042462845,1.0235960227908607,0.6137641339548481,0.6093418259023354,0.2620202935929869,0.24628450106157113,0.18503636180464078,0.0,0.0,0.0,0.0,0.0,0.0
1,1094,942,942,model_only,942,0.0,1.0,False,0.46602972399150744,1.0506709458146322,0.6324635315429689,0.5668789808917197,0.2856106496286201,0.24628450106157113,0.1867066609775657,0.027074923023771458,0.01437666166345038,0.040228544665235774,0.01869939758812078,0.009677211892975848,0.028103746471245063
1,1094,942,942,production_blend,942,0.5882352941176471,0.4117647058823529,False,0.4851380042462845,1.0294235589706449,0.6174490847247575,0.5679405520169851,0.2717339696076594,0.24628450106157113,0.1852802391100311,0.005827536179784154,0.0005104346248798132,0.011240208895727334,0.0036849507699093786,-4.3634716422907804e-05,0.007443069152283635
2,2036,1055,1055,odds_only,1055,1.0,0.0,False,0.4758293838862559,1.0366948109667107,0.6235779361713597,0.5497630331753555,0.2647048300449762,0.25497630331753557,0.18978786269168887,0.0,0.0,0.0,0.0,0.0,0.0
2,2036,1055,1055,model_only,1055,0.0,1.0,False,0.46919431279620855,1.0504024448462088,0.6326731425171722,0.4322274881516588,0.2662278217166874,0.25497630331753557,0.1904477498737515,0.013707633879498138,0.001389727141089564,0.02557371863754582,0.009095206345812512,0.0004249787765839536,0.0173923580610436
2,2036,1055,1055,production_blend,1055,0.5882352941176471,0.4117647058823529,False,0.47488151658767774,1.03755411017651,0.6237286813468319,0.42938388625592416,0.2653319442627396,0.25497630331753557,0.1898390883240157,0.0008592992097993246,-0.004271930280704184,0.005697095828233603,0.0001507451754722,-0.0034140084461910776,0.00346403191520197
3,3091,981,981,odds_only,981,1.0,0.0,False,0.5045871559633027,1.0139868644714212,0.6083002462942412,0.564729867482161,0.25821483331264766,0.2619775739041794,0.1939783311400667,0.0,0.0,0.0,0.0,0.0,0.0
3,3091,981,981,model_only,981,0.0,1.0,False,0.48623853211009177,1.0390942011587998,0.625066094454018,0.37003058103975534,0.2591847276357633,0.2619775739041794,0.19359900085144366,0.025107336687378634,0.013980907866784714,0.03588449603740708,0.016765848159776775,0.00900530965034802,0.024349801951846193
3,3091,981,981,production_blend,981,0.5882352941176471,0.4117647058823529,False,0.49745158002038736,1.0205322836207666,0.6122804677652165,0.44954128440366975,0.25861420156334236,0.2619775739041794,0.19359026373475594,0.006545419149345477,0.0017683614302330176,0.011070828112976975,0.00398022147097532,0.0007228142551472888,0.007011315931823534
