Scope,League,Variant,Bin,N,MeanPredictedX,ObservedXRate
overall,ALL,Odds,0.00-0.20,161,0.1715446891917763,0.19254658385093168
overall,ALL,Odds,0.20-0.25,622,0.23278235028890987,0.2508038585209003
overall,ALL,Odds,0.25-0.30,2069,0.2746837304338768,0.2556790720154664
overall,ALL,Odds,0.30+,126,0.3068691161466819,0.3333333333333333
overall,ALL,base/league_none,0.00-0.20,0,,
overall,ALL,base/league_none,0.20-0.25,315,0.2399578206831882,0.27936507936507937
overall,ALL,base/league_none,0.25-0.30,2424,0.27015452670852386,0.25041254125412543
overall,ALL,base/league_none,0.30+,239,0.30851261680034714,0.26359832635983266
overall,ALL,base/league_ordinal,0.00-0.20,0,,
overall,ALL,base/league_ordinal,0.20-0.25,271,0.23990298687915915,0.2693726937269373
overall,ALL,base/league_ordinal,0.25-0.30,2444,0.26957900000892804,0.2520458265139116
overall,ALL,base/league_ordinal,0.30+,263,0.3085849770596009,0.2623574144486692
overall,ALL,base/league_onehot,0.00-0.20,1,0.19526960688366465,0.0
overall,ALL,base/league_onehot,0.20-0.25,309,0.23989983484731625,0.255663430420712
overall,ALL,base/league_onehot,0.25-0.30,2324,0.2689354066592932,0.25301204819277107
overall,ALL,base/league_onehot,0.30+,344,0.3137548144444487,0.26453488372093026
overall,ALL,with_odds/league_none,0.00-0.20,0,,
overall,ALL,with_odds/league_none,0.20-0.25,322,0.23947435013854448,0.2484472049689441
overall,ALL,with_odds/league_none,0.25-0.30,2535,0.2720621839420564,0.2528599605522682
overall,ALL,with_odds/league_none,0.30+,121,0.30425425181056215,0.30578512396694213
overall,ALL,with_odds/league_ordinal,0.00-0.20,0,,
overall,ALL,with_odds/league_ordinal,0.20-0.25,321,0.23946116332661513,0.24299065420560748
overall,ALL,with_odds/league_ordinal,0.25-0.30,2540,0.2721098878581535,0.25393700787401574
overall,ALL,with_odds/league_ordinal,0.30+,117,0.30434872239059424,0.29914529914529914
overall,ALL,with_odds/league_onehot,0.00-0.20,0,,
overall,ALL,with_odds/league_onehot,0.20-0.25,317,0.2400176622823865,0.22082018927444794
overall,ALL,with_odds/league_onehot,0.25-0.30,2503,0.2716945310013551,0.2556931681981622
overall,ALL,with_odds/league_onehot,0.30+,158,0.305933564304593,0.3037974683544304
league,E0,Odds,0.00-0.20,93,0.16753223211899637,0.21505376344086022
league,E0,Odds,0.20-0.25,174,0.22986943420224576,0.2413793103448276
league,E0,Odds,0.25-0.30,281,0.2702114322507617,0.26334519572953735
league,E0,Odds,0.30+,5,0.30743939195058323,0.4
league,E0,base/league_none,0.00-0.20,0,,
league,E0,base/league_none,0.20-0.25,75,0.23779669977607484,0.32
league,E0,base/league_none,0.25-0.30,442,0.2686440128047392,0.24434389140271492
league,E0,base/league_none,0.30+,36,0.30622610041220355,0.16666666666666666
league,E0,base/league_ordinal,0.00-0.20,0,,
league,E0,base/league_ordinal,0.20-0.25,70,0.23829976314517767,0.3142857142857143
league,E0,base/league_ordinal,0.25-0.30,439,0.26815402181104814,0.2460136674259681
league,E0,base/league_ordinal,0.30+,44,0.30663684289452475,0.18181818181818182
league,E0,base/league_onehot,0.00-0.20,1,0.19526960688366465,0.0
league,E0,base/league_onehot,0.20-0.25,81,0.23920552822258212,0.30864197530864196
league,E0,base/league_onehot,0.25-0.30,413,0.26761294293594967,0.24939467312348668
league,E0,base/league_onehot,0.30+,58,0.31191800279417997,0.1724137931034483
league,E0,with_odds/league_none,0.00-0.20,0,,
league,E0,with_odds/league_none,0.20-0.25,102,0.23814112705906026,0.24509803921568626
league,E0,with_odds/league_none,0.25-0.30,433,0.2707799873487817,0.24942263279445728
league,E0,with_odds/league_none,0.30+,18,0.304549031485053,0.2777777777777778
league,E0,with_odds/league_ordinal,0.00-0.20,0,,
league,E0,with_odds/league_ordinal,0.20-0.25,103,0.2381014094698773,0.24271844660194175
league,E0,with_odds/league_ordinal,0.25-0.30,431,0.2707001621361984,0.2505800464037123
league,E0,with_odds/league_ordinal,0.30+,19,0.30453218969598245,0.2631578947368421
league,E0,with_odds/league_onehot,0.00-0.20,0,,
league,E0,with_odds/league_onehot,0.20-0.25,98,0.2382175911030998,0.22448979591836735
league,E0,with_odds/league_onehot,0.25-0.30,432,0.2704397118654076,0.2569444444444444
league,E0,with_odds/league_onehot,0.30+,23,0.3061745736228216,0.21739130434782608
league,E1,Odds,0.00-0.20,39,0.17266285536583134,0.1282051282051282
league,E1,Odds,0.20-0.25,135,0.2338603119829702,0.3037037037037037
league,E1,Odds,0.25-0.30,566,0.2762570967734846,0.25265017667844525
league,E1,Odds,0.30+,53,0.30728559491912993,0.2641509433962264
league,E1,base/league_none,0.00-0.20,0,,
league,E1,base/league_none,0.20-0.25,58,0.23893501534595116,0.27586206896551724
league,E1,base/league_none,0.25-0.30,659,0.27017043477939034,0.25796661608497723
league,E1,base/league_none,0.30+,76,0.30817936088369324,0.2236842105263158
league,E1,base/league_ordinal,0.00-0.20,0,,
league,E1,base/league_ordinal,0.20-0.25,48,0.23869458532614019,0.2916666666666667
league,E1,base/league_ordinal,0.25-0.30,658,0.26955729155346564,0.25835866261398177
league,E1,base/league_ordinal,0.30+,87,0.3085208020233726,0.21839080459770116
league,E1,base/league_onehot,0.00-0.20,0,,
league,E1,base/league_onehot,0.20-0.25,49,0.23940510964934225,0.30612244897959184
league,E1,base/league_onehot,0.25-0.30,636,0.26973863692933303,0.2578616352201258
league,E1,base/league_onehot,0.30+,108,0.31587733664288337,0.2222222222222222
league,E1,with_odds/league_none,0.00-0.20,0,,
league,E1,with_odds/league_none,0.20-0.25,61,0.23949829328358901,0.3114754098360656
league,E1,with_odds/league_none,0.25-0.30,690,0.2724369911630523,0.25072463768115943
league,E1,with_odds/league_none,0.30+,42,0.3048835690715379,0.2619047619047619
league,E1,with_odds/league_ordinal,0.00-0.20,0,,
league,E1,with_odds/league_ordinal,0.20-0.25,60,0.23943648530074235,0.31666666666666665
league,E1,with_odds/league_ordinal,0.25-0.30,691,0.27251121087478075,0.2503617945007236
league,E1,with_odds/league_ordinal,0.30+,42,0.3050291035362284,0.2619047619047619
league,E1,with_odds/league_onehot,0.00-0.20,0,,
league,E1,with_odds/league_onehot,0.20-0.25,62,0.24115061377525843,0.25806451612903225
league,E1,with_odds/league_onehot,0.25-0.30,670,0.27239692558745016,0.25522388059701495
league,E1,with_odds/league_onehot,0.30+,61,0.3065499610276679,0.26229508196721313
league,E2,Odds,0.00-0.20,21,0.1813109367571321,0.23809523809523808
league,E2,Odds,0.20-0.25,166,0.2339797848218065,0.18674698795180722
league,E2,Odds,0.25-0.30,596,0.27425752244812496,0.2600671140939597
league,E2,Odds,0.30+,33,0.30663913177211927,0.30303030303030304
league,E2,base/league_none,0.00-0.20,0,,
league,E2,base/league_none,0.20-0.25,77,0.2429331550095997,0.23376623376623376
league,E2,base/league_none,0.25-0.30,678,0.27049608780239076,0.24041297935103245
league,E2,base/league_none,0.30+,61,0.30872625608494475,0.32786885245901637
league,E2,base/league_ordinal,0.00-0.20,0,,
league,E2,base/league_ordinal,0.20-0.25,65,0.24340548117289895,0.2
league,E2,base/league_ordinal,0.25-0.30,688,0.2699906337078051,0.2441860465116279
league,E2,base/league_ordinal,0.30+,63,0.3088396677410032,0.31746031746031744
league,E2,base/league_onehot,0.00-0.20,0,,
league,E2,base/league_onehot,0.20-0.25,79,0.24321479795448114,0.189873417721519
league,E2,base/league_onehot,0.25-0.30,650,0.2687954237187868,0.24615384615384617
league,E2,base/league_onehot,0.30+,87,0.31187742631861154,0.2988505747126437
league,E2,with_odds/league_none,0.00-0.20,0,,
league,E2,with_odds/league_none,0.20-0.25,66,0.24188497063524442,0.22727272727272727
league,E2,with_odds/league_none,0.25-0.30,728,0.2721906317939673,0.25
league,E2,with_odds/league_none,0.30+,22,0.30307000534571393,0.18181818181818182
league,E2,with_odds/league_ordinal,0.00-0.20,0,,
league,E2,with_odds/league_ordinal,0.20-0.25,65,0.2418013424707079,0.2
league,E2,with_odds/league_ordinal,0.25-0.30,731,0.2722004994788471,0.253077975376197
league,E2,with_odds/league_ordinal,0.30+,20,0.3031141453561478,0.15
league,E2,with_odds/league_onehot,0.00-0.20,0,,
league,E2,with_odds/league_onehot,0.20-0.25,69,0.24239757169272313,0.2028985507246377
league,E2,with_odds/league_onehot,0.25-0.30,719,0.27152521458244444,0.24756606397774686
league,E2,with_odds/league_onehot,0.30+,28,0.3039780787887194,0.32142857142857145
league,E3,Odds,0.00-0.20,8,0.18710204270526576,0.125
league,E3,Odds,0.20-0.25,147,0.2338881219754444,0.2857142857142857
league,E3,Odds,0.25-0.30,626,0.2756744818727673,0.2507987220447284
league,E3,Odds,0.30+,35,0.30637382272957653,0.45714285714285713
league,E3,base/league_none,0.00-0.20,0,,
league,E3,base/league_none,0.20-0.25,105,0.23988454482089844,0.2857142857142857
league,E3,base/league_none,0.25-0.30,645,0.27081434888702016,0.25736434108527134
league,E3,base/league_none,0.30+,66,0.3099461023045653,0.30303030303030304
league,E3,base/league_ordinal,0.00-0.20,0,,
league,E3,base/league_ordinal,0.20-0.25,88,0.23925033695677894,0.2727272727272727
league,E3,base/league_ordinal,0.25-0.30,659,0.27012019212992344,0.25796661608497723
league,E3,base/league_ordinal,0.30+,69,0.30967563819709193,0.3188405797101449
league,E3,base/league_onehot,0.00-0.20,0,,
league,E3,base/league_onehot,0.20-0.25,100,0.23808581770569787,0.24
league,E3,base/league_onehot,0.25-0.30,625,0.2691375058230129,0.2576
league,E3,base/league_onehot,0.30+,91,0.3142013577986519,0.34065934065934067
league,E3,with_odds/league_none,0.00-0.20,0,,
league,E3,with_odds/league_none,0.20-0.25,93,0.23921012722970017,0.22580645161290322
league,E3,with_odds/league_none,0.25-0.30,684,0.27235906129031606,0.260233918128655
league,E3,with_odds/league_none,0.30+,39,0.30410850983940435,0.4358974358974359
league,E3,with_odds/league_ordinal,0.00-0.20,0,,
league,E3,with_odds/league_ordinal,0.20-0.25,93,0.23934743950328535,0.22580645161290322
league,E3,with_odds/league_ordinal,0.25-0.30,687,0.2724942262671,0.26055312954876275
league,E3,with_odds/league_ordinal,0.30+,36,0.3041439905508701,0.4444444444444444
league,E3,with_odds/league_onehot,0.00-0.20,0,,
league,E3,with_odds/league_onehot,0.20-0.25,88,0.23935800584714573,0.20454545454545456
league,E3,with_odds/league_onehot,0.25-0.30,682,0.2719778389181328,0.26392961876832843
league,E3,with_odds/league_onehot,0.30+,46,0.3061859595223677,0.391304347826087
