Scope,League,Source,ModelWeight,Bin,N,MeanPredictedX,ObservedXRate
overall,ALL,odds_only,0.0,0.00-0.20,161,0.1715446891917763,0.19254658385093168
overall,ALL,odds_only,0.0,0.20-0.25,622,0.23278235028890987,0.2508038585209003
overall,ALL,odds_only,0.0,0.25-0.30,2069,0.2746837304338768,0.2556790720154664
overall,ALL,odds_only,0.0,0.30+,126,0.3068691161466819,0.3333333333333333
overall,ALL,model_only,1.0,0.00-0.20,0,,
overall,ALL,model_only,1.0,0.20-0.25,315,0.2399578206831882,0.27936507936507937
overall,ALL,model_only,1.0,0.25-0.30,2424,0.27015452670852386,0.25041254125412543
overall,ALL,model_only,1.0,0.30+,239,0.30851261680034714,0.26359832635983266
overall,ALL,production_blend,0.4117647058823529,0.00-0.20,45,0.18327706582576617,0.13333333333333333
overall,ALL,production_blend,0.4117647058823529,0.20-0.25,516,0.23503668725154805,0.2558139534883721
overall,ALL,production_blend,0.4117647058823529,0.25-0.30,2368,0.2724411257876993,0.25506756756756754
overall,ALL,production_blend,0.4117647058823529,0.30+,49,0.30473771126559196,0.32653061224489793
overall,ALL,sweep_w_0,0.0,0.00-0.20,161,0.1715446891917763,0.19254658385093168
overall,ALL,sweep_w_0,0.0,0.20-0.25,622,0.23278235028890987,0.2508038585209003
overall,ALL,sweep_w_0,0.0,0.25-0.30,2069,0.2746837304338768,0.2556790720154664
overall,ALL,sweep_w_0,0.0,0.30+,126,0.3068691161466819,0.3333333333333333
overall,ALL,sweep_w_production,0.4117647058823529,0.00-0.20,45,0.18327706582572598,0.13333333333333333
overall,ALL,sweep_w_production,0.4117647058823529,0.20-0.25,516,0.2350366872515343,0.2558139534883721
overall,ALL,sweep_w_production,0.4117647058823529,0.25-0.30,2368,0.2724411257876994,0.25506756756756754
overall,ALL,sweep_w_production,0.4117647058823529,0.30+,49,0.304737711265593,0.32653061224489793
overall,ALL,sweep_w_star,0.0,0.00-0.20,161,0.1715446891917763,0.19254658385093168
overall,ALL,sweep_w_star,0.0,0.20-0.25,622,0.23278235028890987,0.2508038585209003
overall,ALL,sweep_w_star,0.0,0.25-0.30,2069,0.2746837304338768,0.2556790720154664
overall,ALL,sweep_w_star,0.0,0.30+,126,0.3068691161466819,0.3333333333333333
league,E0,odds_only,0.0,0.00-0.20,93,0.16753223211899637,0.21505376344086022
league,E0,odds_only,0.0,0.20-0.25,174,0.22986943420224576,0.2413793103448276
league,E0,odds_only,0.0,0.25-0.30,281,0.2702114322507617,0.26334519572953735
league,E0,odds_only,0.0,0.30+,5,0.30743939195058323,0.4
league,E0,model_only,1.0,0.00-0.20,0,,
league,E0,model_only,1.0,0.20-0.25,75,0.23779669977607484,0.32
league,E0,model_only,1.0,0.25-0.30,442,0.2686440128047392,0.24434389140271492
league,E0,model_only,1.0,0.30+,36,0.30622610041220355,0.16666666666666666
league,E0,production_blend,0.4117647058823529,0.00-0.20,32,0.18259836757190012,0.15625
league,E0,production_blend,0.4117647058823529,0.20-0.25,183,0.2318464769101227,0.26229508196721313
league,E0,production_blend,0.4117647058823529,0.25-0.30,338,0.2685403418521434,0.2514792899408284
league,E0,production_blend,0.4117647058823529,0.30+,0,,
league,E0,sweep_w_0,0.0,0.00-0.20,93,0.16753223211899637,0.21505376344086022
league,E0,sweep_w_0,0.0,0.20-0.25,174,0.22986943420224576,0.2413793103448276
league,E0,sweep_w_0,0.0,0.25-0.30,281,0.2702114322507617,0.26334519572953735
league,E0,sweep_w_0,0.0,0.30+,5,0.30743939195058323,0.4
league,E0,sweep_w_production,0.4117647058823529,0.00-0.20,32,0.18259836757185888,0.15625
league,E0,sweep_w_production,0.4117647058823529,0.20-0.25,183,0.2318464769101057,0.26229508196721313
league,E0,sweep_w_production,0.4117647058823529,0.25-0.30,338,0.2685403418521413,0.2514792899408284
league,E0,sweep_w_production,0.4117647058823529,0.30+,0,,
league,E0,sweep_w_star,0.0,0.00-0.20,93,0.16753223211899637,0.21505376344086022
league,E0,sweep_w_star,0.0,0.20-0.25,174,0.22986943420224576,0.2413793103448276
league,E0,sweep_w_star,0.0,0.25-0.30,281,0.2702114322507617,0.26334519572953735
league,E0,sweep_w_star,0.0,0.30+,5,0.30743939195058323,0.4
league,E1,odds_only,0.0,0.00-0.20,39,0.17266285536583134,0.1282051282051282
league,E1,odds_only,0.0,0.20-0.25,135,0.2338603119829702,0.3037037037037037
league,E1,odds_only,0.0,0.25-0.30,566,0.2762570967734846,0.25265017667844525
league,E1,odds_only,0.0,0.30+,53,0.30728559491912993,0.2641509433962264
league,E1,model_only,1.0,0.00-0.20,0,,
league,E1,model_only,1.0,0.20-0.25,58,0.23893501534595116,0.27586206896551724
league,E1,model_only,1.0,0.25-0.30,659,0.27017043477939034,0.25796661608497723
league,E1,model_only,1.0,0.30+,76,0.30817936088369324,0.2236842105263158
league,E1,production_blend,0.4117647058823529,0.00-0.20,10,0.18379048135498888,0.1
league,E1,production_blend,0.4117647058823529,0.20-0.25,110,0.23410640105758437,0.2909090909090909
league,E1,production_blend,0.4117647058823529,0.25-0.30,655,0.27429875912591795,0.2534351145038168
league,E1,production_blend,0.4117647058823529,0.30+,18,0.3053649836520478,0.2222222222222222
league,E1,sweep_w_0,0.0,0.00-0.20,39,0.17266285536583134,0.1282051282051282
league,E1,sweep_w_0,0.0,0.20-0.25,135,0.2338603119829702,0.3037037037037037
league,E1,sweep_w_0,0.0,0.25-0.30,566,0.2762570967734846,0.25265017667844525
league,E1,sweep_w_0,0.0,0.30+,53,0.30728559491912993,0.2641509433962264
league,E1,sweep_w_production,0.4117647058823529,0.00-0.20,10,0.1837904813549513,0.1
league,E1,sweep_w_production,0.4117647058823529,0.20-0.25,110,0.23410640105757022,0.2909090909090909
league,E1,sweep_w_production,0.4117647058823529,0.25-0.30,655,0.2742987591259185,0.2534351145038168
league,E1,sweep_w_production,0.4117647058823529,0.30+,18,0.30536498365204995,0.2222222222222222
league,E1,sweep_w_star,0.0,0.00-0.20,39,0.17266285536583134,0.1282051282051282
league,E1,sweep_w_star,0.0,0.20-0.25,135,0.2338603119829702,0.3037037037037037
league,E1,sweep_w_star,0.0,0.25-0.30,566,0.2762570967734846,0.25265017667844525
league,E1,sweep_w_star,0.0,0.30+,53,0.30728559491912993,0.2641509433962264
league,E2,odds_only,0.0,0.00-0.20,21,0.1813109367571321,0.23809523809523808
league,E2,odds_only,0.0,0.20-0.25,166,0.2339797848218065,0.18674698795180722
league,E2,odds_only,0.0,0.25-0.30,596,0.27425752244812496,0.2600671140939597
league,E2,odds_only,0.0,0.30+,33,0.30663913177211927,0.30303030303030304
league,E2,model_only,1.0,0.00-0.20,0,,
league,E2,model_only,1.0,0.20-0.25,77,0.2429331550095997,0.23376623376623376
league,E2,model_only,1.0,0.25-0.30,678,0.27049608780239076,0.24041297935103245
league,E2,model_only,1.0,0.30+,61,0.30872625608494475,0.32786885245901637
league,E2,production_blend,0.4117647058823529,0.00-0.20,3,0.1888051287695954,0.0
league,E2,production_blend,0.4117647058823529,0.20-0.25,118,0.2376662890702367,0.22033898305084745
league,E2,production_blend,0.4117647058823529,0.25-0.30,684,0.2722584342377531,0.25
league,E2,production_blend,0.4117647058823529,0.30+,11,0.30256839919078327,0.36363636363636365
league,E2,sweep_w_0,0.0,0.00-0.20,21,0.1813109367571321,0.23809523809523808
league,E2,sweep_w_0,0.0,0.20-0.25,166,0.2339797848218065,0.18674698795180722
league,E2,sweep_w_0,0.0,0.25-0.30,596,0.27425752244812496,0.2600671140939597
league,E2,sweep_w_0,0.0,0.30+,33,0.30663913177211927,0.30303030303030304
league,E2,sweep_w_production,0.4117647058823529,0.00-0.20,3,0.18880512876955746,0.0
league,E2,sweep_w_production,0.4117647058823529,0.20-0.25,118,0.2376662890702236,0.22033898305084745
league,E2,sweep_w_production,0.4117647058823529,0.25-0.30,684,0.272258434237753,0.25
league,E2,sweep_w_production,0.4117647058823529,0.30+,11,0.3025683991907885,0.36363636363636365
league,E2,sweep_w_star,0.0,0.00-0.20,21,0.1813109367571321,0.23809523809523808
league,E2,sweep_w_star,0.0,0.20-0.25,166,0.2339797848218065,0.18674698795180722
league,E2,sweep_w_star,0.0,0.25-0.30,596,0.27425752244812496,0.2600671140939597
league,E2,sweep_w_star,0.0,0.30+,33,0.30663913177211927,0.30303030303030304
league,E3,odds_only,0.0,0.00-0.20,8,0.18710204270526576,0.125
league,E3,odds_only,0.0,0.20-0.25,147,0.2338881219754444,0.2857142857142857
league,E3,odds_only,0.0,0.25-0.30,626,0.2756744818727673,0.2507987220447284
league,E3,odds_only,0.0,0.30+,35,0.30637382272957653,0.45714285714285713
league,E3,model_only,1.0,0.00-0.20,0,,
league,E3,model_only,1.0,0.20-0.25,105,0.23988454482089844,0.2857142857142857
league,E3,model_only,1.0,0.25-0.30,645,0.27081434888702016,0.25736434108527134
league,E3,model_only,1.0,0.30+,66,0.3099461023045653,0.30303030303030304
league,E3,production_blend,0.4117647058823529,0.00-0.20,0,,
league,E3,production_blend,0.4117647058823529,0.20-0.25,105,0.23861618210118224,0.24761904761904763
league,E3,production_blend,0.4117647058823529,0.25-0.30,691,0.2727691665313288,0.2633863965267728
league,E3,production_blend,0.4117647058823529,0.30+,20,0.3053662877589265,0.4
league,E3,sweep_w_0,0.0,0.00-0.20,8,0.18710204270526576,0.125
league,E3,sweep_w_0,0.0,0.20-0.25,147,0.2338881219754444,0.2857142857142857
league,E3,sweep_w_0,0.0,0.25-0.30,626,0.2756744818727673,0.2507987220447284
league,E3,sweep_w_0,0.0,0.30+,35,0.30637382272957653,0.45714285714285713
league,E3,sweep_w_production,0.4117647058823529,0.00-0.20,0,,
league,E3,sweep_w_production,0.4117647058823529,0.20-0.25,105,0.23861618210117375,0.24761904761904763
league,E3,sweep_w_production,0.4117647058823529,0.25-0.30,691,0.27276916653132965,0.2633863965267728
league,E3,sweep_w_production,0.4117647058823529,0.30+,20,0.3053662877589242,0.4
league,E3,sweep_w_star,0.0,0.00-0.20,8,0.18710204270526576,0.125
league,E3,sweep_w_star,0.0,0.20-0.25,147,0.2338881219754444,0.2857142857142857
league,E3,sweep_w_star,0.0,0.25-0.30,626,0.2756744818727673,0.2507987220447284
league,E3,sweep_w_star,0.0,0.30+,35,0.30637382272957653,0.45714285714285713
